Timestamp,n1,n54,n105,n163,n215,n332,n458,n549,p227,p235,PUMP_1,T1,label,sin_hour,cos_hour,sin_dow,cos_dow
2018-12-05 00:00:00,1.881255608421765,1.573598403134728,1.4477004834119205,1.513814668888112,2.153422224457177,1.7805322634888197,1.9316940449272768,1.87204365072765,0.1809210851049599,0.2123504255499483,0.2356515216307129,1.279571180786046,0,0.0,1.0,0.9749279121818236,-0.2225209339563143
2018-12-05 00:05:00,1.737729880139299,1.2912623500211804,1.223993662717647,1.7150929945242024,0.1459963720493445,2.170750216416589,2.055236735724348,1.7114494600728638,0.2866234717239191,-0.1744855160510279,0.2356515216307129,1.1354734793456438,0,0.0218148850345611,0.9997620270799092,0.9749279121818236,-0.2225209339563143
2018-12-05 00:10:00,1.4506784235743826,1.4794863854302012,1.3358470730648235,1.983464095372307,0.1459963720493445,2.170750216416589,1.622837317934665,1.6311523647454138,0.1125254231750451,-0.0103973195112696,0.2356515216307129,1.7118642851072496,0,0.043619387365336,0.9990482215818578,0.9749279121818236,-0.2225209339563143
2018-12-05 00:15:00,1.737729880139299,1.6206544119869748,1.5595538937590172,1.7150929945242024,0.1459963720493445,2.170750216416589,1.9316940449272768,1.5508552694180209,0.0379119737969562,0.0926532387021055,0.2356515216307129,1.9280108372678544,0,0.065403129230143,0.9978589232386036,0.9749279121818236,-0.2225209339563143
2018-12-05 00:20:00,1.6898879707118213,1.9500464739527688,1.671407304106114,1.916371320160245,2.153422224457177,2.0731957281845954,1.8081513541302496,1.7917465554002572,0.1684855102086115,0.2163139085581548,0.2356515216307129,1.9280108372678544,0,0.0871557427476581,0.9961946980917455,0.9749279121818236,-0.2225209339563143
2018-12-05 00:25:00,1.6898879707118213,2.3735505536230908,1.671407304106114,2.2518351962204117,2.153422224457177,1.9756412399526704,1.8699226995287632,1.9523407460550437,0.2811829077067668,0.1085071707349319,0.2356515216307129,1.63981543438705,0,0.1088668748519645,0.9940563382223196,0.9749279121818236,-0.2225209339563143
2018-12-05 00:30:00,1.833413698994288,2.232382527066317,1.5595538937590172,2.184742421008397,0.1459963720493445,1.5854232870249003,1.8699226995287632,2.112934936709886,0.3223757495509201,0.3138155905600405,0.2356515216307129,1.9280108372678544,0,0.1305261922200515,0.9914448613738104,0.9749279121818236,-0.2225209339563143
2018-12-05 00:35:00,1.5942041518568493,1.9500464739527688,1.7832607144532904,1.983464095372307,2.153422224457177,1.9756412399526704,1.9316940449272768,1.7114494600728638,0.3923258583428782,0.0395425663921352,0.2356515216307129,2.0721085387082567,0,0.1521233861899167,0.9883615104677608,0.9749279121818236,-0.2225209339563143
2018-12-05 00:40:00,1.833413698994288,1.7618224385437486,2.006967535147484,1.5809074441001263,2.153422224457177,1.9756412399526704,1.9934653903258344,1.7114494600728638,0.164599393053503,0.1291172823776073,0.2356515216307129,1.63981543438705,0,0.1736481776669303,0.984807753012208,0.9749279121818236,-0.2225209339563143
2018-12-05 00:45:00,1.881255608421765,1.385374367725707,2.230674355841757,1.5809074441001263,2.153422224457177,2.0731957281845954,2.055236735724348,1.5508552694180209,0.1101937528819796,-0.0619225986179567,0.2356515216307129,1.63981543438705,0,0.1950903220161282,0.9807852804032304,0.9749279121818236,-0.2225209339563143
2018-12-05 00:50:00,1.5942041518568493,1.2442063411689337,2.342527766188854,1.983464095372307,2.153422224457177,1.7805322634888197,2.117008081122861,1.3902610787631773,-0.081003211149373,0.0165543649445363,0.2356515216307129,1.4957177329466478,0,0.2164396139381028,0.9762960071199334,0.9749279121818236,-0.2225209339563143
2018-12-05 00:55:00,1.5463622424293548,1.385374367725707,2.342527766188854,2.184742421008397,2.153422224457177,2.0731957281845954,1.6846086633331785,1.4705581740906275,-0.1144238186833086,-0.0484467563900539,0.2356515216307129,1.7118642851072496,0,0.237685892326173,0.9713420698132614,0.9749279121818236,-0.2225209339563143
2018-12-05 01:00:00,1.833413698994288,1.855934456248276,2.1188209454946603,2.184742421008397,2.153422224457177,2.0731957281845954,1.9316940449272768,1.9523407460550437,0.0915403905374573,0.4446105298308621,0.2356515216307129,1.7118642851072496,0,0.2588190451025207,0.9659258262890684,0.9749279121818236,-0.2225209339563143
2018-12-05 01:05:00,2.07262324613171,1.855934456248276,1.8951141248003875,1.916371320160245,2.153422224457177,2.0731957281845954,1.622837317934665,2.112934936709886,0.1731488507947423,0.2852785129009521,0.2356515216307129,1.4957177329466478,0,0.279829014030992,0.9600498543859288,0.9749279121818236,-0.2225209339563143
2018-12-05 01:10:00,2.2161489744141765,1.855934456248276,1.5595538937590172,2.0505568705843213,2.153422224457177,2.0731957281845954,1.9934653903258344,1.7917465554002572,-0.0506914973395242,0.1425931246055097,0.2356515216307129,1.279571180786046,0,0.3007057995042732,0.9537169507482268,0.9749279121818236,-0.2225209339563143
2018-12-05 01:15:00,1.9769394272767375,2.138270509361789,1.7832607144532904,2.0505568705843213,2.153422224457177,2.170750216416589,2.178779426521419,1.7114494600728638,0.2042377880356125,0.1600324498416192,0.2356515216307129,0.8472780764648393,0,0.3214394653031616,0.9469301294951056,0.9749279121818236,-0.2225209339563143
2018-12-05 01:20:00,1.833413698994288,2.138270509361789,2.1188209454946603,2.184742421008397,2.153422224457177,2.0731957281845954,1.9316940449272768,1.7917465554002572,0.328593536999094,-0.0096046229096278,0.2356515216307129,0.9913757779052416,0,0.3420201433256687,0.9396926207859084,0.9749279121818236,-0.2225209339563143
2018-12-05 01:25:00,1.5942041518568493,2.279438535918564,2.006967535147484,2.184742421008397,2.153422224457177,1.878086751720745,1.8699226995287632,2.19323203203728,0.1171887637611758,-0.0421051835769232,0.2356515216307129,1.3516200315062457,0,0.3624380382837016,0.9320078692827986,0.9749279121818236,-0.2225209339563143
2018-12-05 01:30:00,1.833413698994288,2.4206065624753377,2.1188209454946603,1.782185769736217,2.153422224457177,2.170750216416589,1.8081513541302496,1.9523407460550437,0.0837681562272402,0.0197251513511016,0.2356515216307129,1.3516200315062457,0,0.3826834323650898,0.9238795325112868,0.9749279121818236,-0.2225209339563143
2018-12-05 01:35:00,1.5942041518568493,2.1853265182140698,2.1188209454946603,2.0505568705843213,2.153422224457177,1.9756412399526704,1.622837317934665,1.9523407460550437,-0.262873494008464,-0.0793619238540663,0.2356515216307129,1.855961986547652,0,0.4027466898587372,0.9153114791194472,0.9749279121818236,-0.2225209339563143
2018-12-05 01:40:00,2.0247813367042324,1.573598403134728,2.006967535147484,1.916371320160245,2.153422224457177,1.487868798792975,1.9316940449272768,1.87204365072765,-0.3009574421285304,0.0221032411560258,0.2356515216307129,1.5677665836668473,0,0.4226182617406994,0.90630778703665,0.9749279121818236,-0.2225209339563143
2018-12-05 01:45:00,1.9769394272767375,2.3735505536230908,1.8951141248003875,2.0505568705843213,2.153422224457177,1.2927598223290555,2.117008081122861,1.5508552694180209,-0.2084678538369413,0.1330807653858139,0.2356515216307129,1.5677665836668473,0,0.4422886902190012,0.8968727415326884,0.9749279121818236,-0.2225209339563143
2018-12-05 01:50:00,1.881255608421765,2.1853265182140698,1.7832607144532904,1.513814668888112,2.153422224457177,1.6829777752568251,1.8081513541302496,1.9523407460550437,-0.1097604780971779,0.186191437695784,0.2356515216307129,1.4236688822264485,0,0.4617486132350339,0.8870108331782217,0.9749279121818236,-0.2225209339563143
2018-12-05 01:55:00,1.7855717895667935,2.3735505536230908,1.8951141248003875,1.916371320160245,2.153422224457177,1.7805322634888197,1.9934653903258344,2.2735291273647302,-0.0600181785117852,0.0577745882298859,0.2356515216307129,1.855961986547652,0,0.4809887689193876,0.8767267557075077,0.9749279121818236,-0.2225209339563143
2018-12-05 02:00:00,1.6898879707118213,2.1853265182140698,2.1188209454946603,1.916371320160245,2.153422224457177,1.3903143105610498,1.9934653903258344,2.353826222692123,0.2151189160699171,0.0926532387021055,0.2356515216307129,1.7839131358274525,0,0.4999999999999999,0.8660254037844387,0.9749279121818236,-0.2225209339563143
2018-12-05 02:05:00,1.737729880139299,1.855934456248276,2.1188209454946603,1.5809074441001263,2.153422224457177,1.6829777752568251,2.117008081122861,2.0326378413824937,0.1855844256910901,0.2836931196976692,0.3565679533883537,1.7839131358274525,0,0.5187732581605214,0.8549118706729466,0.9749279121818236,-0.2225209339563143
2018-12-05 02:10:00,1.5942041518568493,1.6206544119869748,2.230674355841757,1.983464095372307,2.153422224457177,1.7805322634888197,2.117008081122861,2.19323203203728,0.0643375704516961,0.50247738175068,0.2356515216307129,1.63981543438705,0,0.5372996083468238,0.8433914458128857,0.9749279121818236,-0.2225209339563143
2018-12-05 02:15:00,1.881255608421765,1.855934456248276,2.006967535147484,1.916371320160245,2.153422224457177,1.9756412399526704,1.6846086633331785,2.0326378413824937,0.3021679403443539,0.4596717652620474,0.2356515216307129,1.7118642851072496,0,0.5555702330196022,0.8314696123025452,0.9749279121818236,-0.2225209339563143
2018-12-05 02:20:00,2.0247813367042324,2.232382527066317,1.5595538937590172,2.0505568705843213,2.153422224457177,1.6829777752568251,1.9934653903258344,2.2735291273647302,0.0246991754695861,0.4113172725619255,0.2356515216307129,2.0721085387082567,0,0.5735764363510462,0.8191520442889918,0.9749279121818236,-0.2225209339563143
2018-12-05 02:25:00,2.0247813367042324,1.8088784473959956,1.7832607144532904,1.983464095372307,2.153422224457177,2.0731957281845954,2.055236735724348,2.2735291273647302,0.1482777010020459,0.2908273891124415,0.2356515216307129,2.0721085387082567,0,0.5913096483635824,0.8064446042674827,0.9749279121818236,-0.2225209339563143
2018-12-05 02:30:00,2.168307064986699,1.573598403134728,1.5595538937590172,1.916371320160245,2.153422224457177,1.9756412399526704,1.8699226995287632,2.19323203203728,0.1467232541400022,0.2424728964123196,0.2356515216307129,1.855961986547652,0,0.6087614290087207,0.7933533402912352,0.9749279121818236,-0.2225209339563143
2018-12-05 02:35:00,1.881255608421765,1.2912623500211804,1.8951141248003875,1.5809074441001263,2.153422224457177,1.878086751720745,1.9316940449272768,2.112934936709886,0.0348030800728692,-0.1197894505377747,0.2356515216307129,1.9280108372678544,0,0.6259234721840591,0.7798844830928818,0.9749279121818236,-0.2225209339563143
2018-12-05 02:40:00,1.6898879707118213,1.5265423942824814,2.1188209454946603,1.782185769736217,2.153422224457177,1.9756412399526704,2.117008081122861,1.9523407460550437,-0.1804878103201581,-0.3290613533710895,0.2356515216307129,2.2882550908688586,0,0.6427876096865393,0.766044443118978,0.9749279121818236,-0.2225209339563143
2018-12-05 02:45:00,1.833413698994288,1.8088784473959956,2.230674355841757,1.5809074441001263,2.153422224457177,2.36585919288044,1.746380008731736,1.7917465554002572,-0.1501760965103096,-0.3393664091924273,0.2356515216307129,2.216206240148659,0,0.6593458151000688,0.7518398074789774,0.9749279121818236,-0.2225209339563143
2018-12-05 02:50:00,1.7855717895667935,1.7618224385437486,2.230674355841757,1.5809074441001263,2.153422224457177,2.2683047046485147,1.746380008731736,1.87204365072765,0.0511247721243262,0.0236886343593081,0.2356515216307129,2.1441573894284565,0,0.6755902076156602,0.7372773368101241,0.9749279121818236,-0.2225209339563143
2018-12-05 02:55:00,1.833413698994288,1.573598403134728,2.1188209454946603,1.7150929945242024,2.153422224457177,2.36585919288044,1.561065972536151,1.87204365072765,-0.183596704044245,-0.5042473023338268,0.2356515216307129,2.0721085387082567,0,0.6915130557822694,0.7223639620597556,0.9749279121818236,-0.2225209339563143
2018-12-05 03:00:00,1.6420460612843268,1.9029904651005225,2.1188209454946603,1.782185769736217,2.153422224457177,2.170750216416589,1.8699226995287632,1.9523407460550437,-0.2442201316639423,-0.5018692125289026,0.2356515216307129,2.6484993444698657,0,0.7071067811865476,0.7071067811865476,0.9749279121818236,-0.2225209339563143
2018-12-05 03:05:00,1.737729880139299,1.997102482805016,2.1188209454946603,1.983464095372307,2.153422224457177,2.2683047046485147,1.6846086633331785,1.7114494600728638,-0.4408576597124467,-0.6588231396538891,0.2356515216307129,1.7839131358274525,0,0.7223639620597555,0.6915130557822694,0.9749279121818236,-0.2225209339563143
2018-12-05 03:10:00,1.5463622424293548,1.997102482805016,2.230674355841757,1.782185769736217,2.153422224457177,2.36585919288044,1.9934653903258344,1.7114494600728638,-0.3444819542657491,-0.5066253921387509,0.2356515216307129,2.0721085387082567,0,0.737277336810124,0.6755902076156602,0.9749279121818236,-0.2225209339563143
2018-12-05 03:15:00,1.833413698994288,1.8088784473959956,2.230674355841757,2.0505568705843213,2.153422224457177,2.6585226575762846,1.6846086633331785,2.0326378413824937,-0.5076988747803179,-0.262474838833217,0.2356515216307129,1.7118642851072496,0,0.7518398074789774,0.6593458151000688,0.9749279121818236,-0.2225209339563143
2018-12-05 03:20:00,1.833413698994288,1.855934456248276,2.006967535147484,1.983464095372307,2.153422224457177,2.36585919288044,1.561065972536151,2.514420413346909,-0.0833348814424383,-0.3211343873546766,0.2356515216307129,1.7118642851072496,0,0.766044443118978,0.6427876096865394,0.9749279121818236,-0.2225209339563143
2018-12-05 03:25:00,2.120465155559204,1.714766429691502,2.006967535147484,2.0505568705843213,2.153422224457177,2.2683047046485147,1.622837317934665,2.0326378413824937,-0.1175327124073954,0.0205178479527428,0.2356515216307129,2.0000596879880543,0,0.7798844830928817,0.6259234721840591,0.9749279121818236,-0.2225209339563143
2018-12-05 03:30:00,2.07262324613171,1.714766429691502,2.230674355841757,2.0505568705843213,2.153422224457177,1.6829777752568251,1.561065972536151,1.7114494600728638,-0.1369632981829394,-0.2379012441823351,0.2356515216307129,1.855961986547652,0,0.7933533402912352,0.6087614290087207,0.9749279121818236,-0.2225209339563143
2018-12-05 03:35:00,1.833413698994288,1.4324303765779542,1.7832607144532904,1.916371320160245,2.153422224457177,1.878086751720745,1.561065972536151,1.7114494600728638,-0.0250431241158064,0.0014931295133504,0.2356515216307129,1.7118642851072496,0,0.8064446042674825,0.5913096483635825,0.9749279121818236,-0.2225209339563143
2018-12-05 03:40:00,1.9769394272767375,1.8088784473959956,1.8951141248003875,2.0505568705843213,2.153422224457177,1.7805322634888197,2.055236735724348,2.0326378413824937,0.0985354014166534,-0.1618023704247659,0.2356515216307129,1.7118642851072496,0,0.8191520442889917,0.5735764363510462,0.9749279121818236,-0.2225209339563143
2018-12-05 03:45:00,1.737729880139299,1.8088784473959956,1.8951141248003875,1.849278544948231,2.153422224457177,1.5854232870249003,1.9316940449272768,2.112934936709886,0.1677082867775899,-0.1411922587820913,0.2356515216307129,1.7118642851072496,0,0.8314696123025451,0.5555702330196024,0.9749279121818236,-0.2225209339563143
2018-12-05 03:50:00,1.6898879707118213,1.9500464739527688,2.006967535147484,1.782185769736217,2.153422224457177,1.878086751720745,1.9316940449272768,1.7917465554002572,0.3472468993436163,0.2075942459401,0.2356515216307129,1.5677665836668473,0,0.8433914458128856,0.5372996083468239,0.9749279121818236,-0.2225209339563143
2018-12-05 03:55:00,1.6898879707118213,2.232382527066317,1.671407304106114,1.6480002193121406,2.153422224457177,2.0731957281845954,1.8699226995287632,2.112934936709886,0.70243800732056,0.0292375105707975,0.2356515216307129,1.855961986547652,0,0.8549118706729466,0.5187732581605216,0.9749279121818236,-0.2225209339563143
2018-12-05 04:00:00,1.2593107858644386,2.044158491657297,2.006967535147484,1.782185769736217,2.153422224457177,1.9756412399526704,1.746380008731736,2.2735291273647302,0.814358181387693,-0.1514973146034288,0.2356515216307129,2.1441573894284565,0,0.8660254037844386,0.5000000000000001,0.9749279121818236,-0.2225209339563143
2018-12-05 04:05:00,1.6898879707118213,2.044158491657297,2.006967535147484,1.7150929945242024,2.153422224457177,1.878086751720745,2.240550771919933,2.112934936709886,0.4925876809446849,-0.2141203461330951,0.2356515216307129,2.360303941589061,0,0.8767267557075077,0.4809887689193877,0.9749279121818236,-0.2225209339563143
2018-12-05 04:10:00,1.833413698994288,2.3264945447708105,2.1188209454946603,1.983464095372307,2.153422224457177,1.487868798792975,2.240550771919933,1.87204365072765,0.5570972257194908,0.1687521124596745,0.2356515216307129,2.504401643029464,0,0.8870108331782217,0.4617486132350338,0.9749279121818236,-0.2225209339563143
2018-12-05 04:15:00,1.5463622424293548,2.3735505536230908,2.1188209454946603,2.453113521856502,2.153422224457177,2.170750216416589,1.43752328173908,2.353826222692123,0.2710790031034836,-0.0341782175605096,0.3370352990275039,2.4323527923092607,0,0.8968727415326884,0.4422886902190012,0.9749279121818236,-0.2225209339563143
2018-12-05 04:20:00,1.6420460612843268,2.3735505536230908,1.8951141248003875,2.117649645796336,2.153422224457177,2.0731957281845954,1.746380008731736,2.19323203203728,0.0099319302801729,0.1410077314022274,0.2356515216307129,2.2882550908688586,0,0.9063077870366498,0.4226182617406996,0.9749279121818236,-0.2225209339563143
2018-12-05 04:25:00,1.4506784235743826,2.232382527066317,1.671407304106114,1.983464095372307,2.153422224457177,2.0731957281845954,1.8699226995287632,2.19323203203728,0.1879160959841554,0.2527779522336567,0.2356515216307129,2.9366947473506704,0,0.9153114791194472,0.4027466898587372,0.9749279121818236,-0.2225209339563143
2018-12-05 04:30:00,1.5942041518568493,1.9500464739527688,1.5595538937590172,1.7150929945242024,2.153422224457177,1.7805322634888197,1.746380008731736,1.9523407460550437,0.2508711938969181,0.3566212070486729,0.2356515216307129,2.6484993444698657,0,0.9238795325112868,0.3826834323650898,0.9749279121818236,-0.2225209339563143
2018-12-05 04:35:00,1.4028365141469052,2.4206065624753377,1.671407304106114,1.5809074441001263,2.153422224457177,1.6829777752568251,1.6846086633331785,2.112934936709886,0.2858462482928969,0.5127824375720177,0.2356515216307129,2.1441573894284565,0,0.9320078692827984,0.3624380382837017,0.9749279121818236,-0.2225209339563143
2018-12-05 04:40:00,1.4985203330018773,1.855934456248276,1.671407304106114,1.513814668888112,2.153422224457177,1.2927598223290555,1.9934653903258344,2.0326378413824937,0.0876542733823487,0.2995470517304962,0.2356515216307129,2.0721085387082567,0,0.9396926207859084,0.3420201433256686,0.9749279121818236,-0.2225209339563143
2018-12-05 04:45:00,1.5942041518568493,1.714766429691502,1.5595538937590172,1.3125363432520216,2.153422224457177,1.3903143105610498,1.746380008731736,1.7917465554002572,0.4109792206874005,0.1267391925726833,0.3556378269902179,1.3516200315062457,0,0.9469301294951056,0.3214394653031617,0.9749279121818236,-0.2225209339563143
2018-12-05 04:50:00,1.6420460612843268,1.6677104208392215,1.5595538937590172,1.5809074441001263,2.153422224457177,1.487868798792975,1.8081513541302496,1.6311523647454138,0.3954347520669652,0.2971689619255722,0.3993537677025958,0.6311315243042344,0,0.9537169507482268,0.3007057995042733,0.9749279121818236,-0.2225209339563143
2018-12-05 04:55:00,1.5463622424293548,1.9029904651005225,1.671407304106114,1.3125363432520216,2.153422224457177,1.6829777752568251,2.178779426521419,1.6311523647454138,0.5298944056337291,0.5468683914425955,0.281227715139362,1.3516200315062457,0,0.9600498543859288,0.279829014030992,0.9749279121818236,-0.2225209339563143
2018-12-05 05:00:00,1.4028365141469052,1.8088784473959956,1.223993662717647,1.3125363432520216,0.1459963720493445,1.6829777752568251,1.8699226995287632,1.7114494600728638,0.4171970081355745,0.3383891852109217,0.2356515216307129,1.63981543438705,0,0.9659258262890684,0.2588190451025207,0.9749279121818236,-0.2225209339563143
2018-12-05 05:05:00,1.3549946047194106,1.573598403134728,0.8884334316763568,1.4467218936760975,2.153422224457177,1.7805322634888197,1.6846086633331785,1.6311523647454138,0.4000980926530959,0.3796094084962719,0.259834807982241,1.2075223300658433,0,0.9713420698132614,0.2376858923261731,0.9749279121818236,-0.2225209339563143
2018-12-05 05:10:00,1.5942041518568493,1.2912623500211804,1.1121402523705504,1.245443568040007,2.153422224457177,1.878086751720745,1.8081513541302496,1.3902610787631773,0.5267855119096422,0.6665655782904388,0.3844717453324245,1.4957177329466478,0,0.9762960071199334,0.2164396139381029,0.9749279121818236,-0.2225209339563143
2018-12-05 05:15:00,1.5942041518568493,1.6677104208392215,1.1121402523705504,1.513814668888112,0.1459963720493445,1.7805322634888197,1.8081513541302496,1.149369792780998,0.778605903560692,0.3724751390814995,0.5249208314509151,2.0721085387082567,0,0.9807852804032304,0.1950903220161283,0.9749279121818236,-0.2225209339563143
2018-12-05 05:20:00,1.6898879707118213,1.997102482805016,0.8884334316763568,1.782185769736217,0.1459963720493445,1.5854232870249003,1.375751936340566,1.0690726974535478,0.7296408274063211,0.6974807457544513,0.6756013079488983,1.9280108372678544,0,0.984807753012208,0.1736481776669304,0.9749279121818236,-0.2225209339563143
2018-12-05 05:25:00,1.5463622424293548,1.9029904651005225,0.8884334316763568,1.7150929945242024,0.1459963720493445,1.2927598223290555,1.0668952093479542,1.149369792780998,0.9045160993862168,0.601564456955848,0.7137364902724619,2.4323527923092607,0,0.9883615104677608,0.1521233861899168,0.9749279121818236,-0.2225209339563143
2018-12-05 05:30:00,1.6420460612843268,1.573598403134728,1.1121402523705504,1.5809074441001263,0.1459963720493445,1.5854232870249003,1.1904379001449814,0.9084785067987616,0.9938967939537194,0.652297039460894,0.7723344533550108,2.216206240148659,0,0.9914448613738104,0.1305261922200517,0.9749279121818236,-0.2225209339563143
2018-12-05 05:35:00,1.7855717895667935,1.6206544119869748,1.3358470730648235,1.379629118464036,0.1459963720493445,1.487868798792975,0.943352518550883,0.9887756021261548,0.7972592659052145,0.4977212021408322,0.9444078370101152,2.0000596879880543,0,0.9940563382223196,0.1088668748519647,0.9749279121818236,-0.2225209339563143
2018-12-05 05:40:00,1.307152695291916,1.573598403134728,1.4477004834119205,1.3125363432520216,0.1459963720493445,1.000096357633211,0.8198098277538117,0.8281814114713114,0.9760206550402186,0.5968082773460004,0.9964949153057142,2.2882550908688586,0,0.9961946980917455,0.0871557427476581,0.9749279121818236,-0.2225209339563143
2018-12-05 05:45:00,1.020101238727,1.2442063411689337,1.223993662717647,1.3125363432520216,0.1459963720493445,1.3903143105610498,0.6344957915582708,1.0690726974535478,1.200638226605507,0.7640672602923233,1.0392807296199564,1.855961986547652,0,0.9978589232386036,0.0654031292301432,0.9749279121818236,-0.2225209339563143
2018-12-05 05:50:00,1.211468876436944,1.338318358873427,1.1121402523705504,0.9099796919798409,0.1459963720493445,1.1952053340971305,0.943352518550883,1.2296668881083912,1.1726581830887235,1.0319987116470986,1.0150974432684283,2.2882550908688586,0,0.9990482215818578,0.043619387365336,0.9749279121818236,-0.2225209339563143
2018-12-05 05:55:00,1.4506784235743826,1.338318358873427,0.8884334316763568,1.1783507928279455,0.1459963720493445,1.0976508458652052,1.0668952093479542,0.9084785067987616,1.1959748860193762,1.1905380319753671,1.1741490573496325,1.63981543438705,0,0.9997620270799092,0.0218148850345609,0.9749279121818236,-0.2225209339563143
2018-12-05 06:00:00,1.020101238727,1.5265423942824814,0.4410197902878104,1.1112580176159312,0.1459963720493445,1.2927598223290555,0.943352518550883,0.6675872208165252,1.22861827012229,1.0423037674684357,1.2541399275893026,1.5677665836668473,0,1.0,6.123233995736766e-17,0.9749279121818236,-0.2225209339563143
2018-12-05 06:05:00,0.685207872734589,1.0089262969076662,0.4410197902878104,1.1783507928279455,0.1459963720493445,1.1952053340971305,0.8198098277538117,0.9084785067987616,1.431473585618969,1.226209379049228,1.221585503654553,1.9280108372678544,0,0.9997620270799092,-0.0218148850345608,0.9749279121818236,-0.2225209339563143
2018-12-05 06:10:00,0.4938402350246449,0.8207022614986123,0.5528732006349868,0.9099796919798409,0.1459963720493445,1.0976508458652052,0.943352518550883,0.6675872208165252,1.5550521111514288,1.030413318443815,1.2290265148396389,1.7118642851072496,0,0.9990482215818578,-0.0436193873653358,0.9749279121818236,-0.2225209339563143
2018-12-05 06:15:00,0.4459983255971503,0.6324782260895916,0.6647266109820836,0.9770724671919028,0.1459963720493445,0.9025418694012856,0.7580384823552981,0.5069930301616818,1.857392025818893,1.3514554421085605,1.1815900685347185,1.5677665836668473,0,0.9978589232386036,-0.0654031292301431,0.9749279121818236,-0.2225209339563143
2018-12-05 06:20:00,0.4938402350246449,0.6324782260895916,0.6647266109820836,0.8428869167678266,0.1459963720493445,0.3172149400095964,0.6344957915582708,0.6675872208165252,1.9716438701790917,1.437859371687466,1.3992396456984717,2.0721085387082567,0,0.9961946980917455,-0.087155742747658,0.9749279121818236,-0.2225209339563143
2018-12-05 06:25:00,0.6373659633071116,0.5383662083850981,0.3291663799407137,0.7757941415558124,0.1459963720493445,0.1221059635457461,0.8198098277538117,0.3463988395068956,1.759461873510151,1.617801500260052,1.524806709446791,2.360303941589061,0,0.9940563382223196,-0.1088668748519646,0.9749279121818236,-0.2225209339563143
2018-12-05 06:30:00,0.4938402350246449,0.2089741464193036,0.5528732006349868,0.9770724671919028,0.1459963720493445,0.8049873811693606,0.5727244461597133,0.3463988395068956,1.713605691079867,1.620179590064976,1.58991555731629,2.0721085387082567,0,0.9914448613738104,-0.1305261922200516,0.9749279121818236,-0.2225209339563143
2018-12-05 06:35:00,0.7808916915895612,0.5383662083850981,0.4410197902878104,0.9770724671919028,0.1459963720493445,0.4147694282415908,0.6962671369567845,0.025210458197266,2.054029553867398,2.054577327764432,1.6010770740939182,2.360303941589061,0,0.9883615104677608,-0.1521233861899167,0.9749279121818236,-0.2225209339563143
2018-12-05 06:40:00,0.5895240538796169,0.3501421729760774,0.4410197902878104,0.1719591646475412,0.1459963720493445,0.4147694282415908,0.449181755362686,-0.4565721137672067,2.130974673538552,1.86433014337051,1.8224471568502143,2.4323527923092607,0,0.984807753012208,-0.1736481776669303,0.9749279121818236,-0.2225209339563143
2018-12-05 06:45:00,0.3024725973147008,0.3501421729760774,0.3291663799407137,0.1719591646475412,0.1459963720493445,0.1221059635457461,0.0785536829715163,-0.6171663044220501,2.1737219622447483,1.8690863229803585,1.904298279886156,2.2882550908688586,0,0.9807852804032304,-0.1950903220161282,0.9749279121818236,-0.2225209339563143
2018-12-05 06:50:00,0.063263050177262,-0.0263058978419972,-0.1182472614477532,-0.1635047114125776,0.1459963720493445,0.3172149400095964,0.0785536829715163,-0.4565721137672067,2.219578144675032,1.8698790195819988,2.104275455485331,2.1441573894284565,0,0.9762960071199334,-0.2164396139381028,0.9749279121818236,-0.2225209339563143
2018-12-05 06:55:00,-0.03242076867771,0.2089741464193036,-0.0063938511006562,-0.2305974866245919,0.1459963720493445,-0.0730030129181733,0.3256390645656148,-0.2156808277849704,1.943663826662308,1.7430475633193845,2.3954050181018047,2.360303941589061,0,0.9713420698132614,-0.2376858923261731,0.9749279121818236,-0.2225209339563143
2018-12-05 07:00:00,-0.03242076867771,-0.0263058978419972,0.5528732006349868,-0.1635047114125776,0.1459963720493445,-0.2681119893820236,0.0167823375730027,0.1055075535246591,2.430205694481928,2.022076767097137,2.174965061743644,2.0721085387082567,0,0.9659258262890684,-0.2588190451025206,0.9749279121818236,-0.2225209339563143
2018-12-05 07:05:00,-0.0802626781052044,0.020750111010283,0.2173129695936169,-0.5660613626847584,0.1459963720493445,-0.4632209658459432,-0.168531698622582,0.4266959348342887,2.5118141547392137,2.022076767097137,1.9266213134414127,2.0000596879880543,0,0.9600498543859288,-0.2798290140309919,0.9749279121818236,-0.2225209339563143
2018-12-05 07:10:00,-0.1759464969601767,-0.2145299332510177,-0.3419540821420261,-0.4989685874727441,0.1459963720493445,-0.2681119893820236,0.2020963737685875,0.025210458197266,2.476839100343234,2.166347548595862,1.734085149027323,1.9280108372678544,0,0.9537169507482268,-0.3007057995042729,0.9749279121818236,-0.2225209339563143
2018-12-05 07:15:00,-0.2716303158151487,-0.1204179155464908,-0.3419540821420261,-0.2305974866245919,0.1459963720493445,-0.5607754540778684,-0.168531698622582,-0.1353837324575773,2.4651807488779074,2.267812713605953,1.9731276333481973,1.7839131358274525,0,0.9469301294951056,-0.3214394653031616,0.9749279121818236,-0.2225209339563143
2018-12-05 07:20:00,-0.4151560440976154,-0.1204179155464908,-0.4538074924891231,-0.1635047114125776,0.1459963720493445,-0.4632209658459432,0.0785536829715163,-0.2959779231123636,2.322948861000926,2.279703162630573,2.2754187127423,1.9280108372678544,0,0.9396926207859084,-0.3420201433256685,0.9749279121818236,-0.2225209339563143
2018-12-05 07:25:00,-0.3194722252426432,-0.2615859421032644,-0.789367723530493,-0.1635047114125776,0.1459963720493445,-0.6583299423097935,0.2638677191671011,-0.3762750184398136,2.235899836726489,2.081529012220238,2.4484222227955392,2.1441573894284565,0,0.9320078692827986,-0.3624380382837016,0.9749279121818236,-0.2225209339563143
2018-12-05 07:30:00,0.063263050177262,-0.5909780040690589,-0.2301006717948499,-0.4318758122606823,0.1459963720493445,-0.755884430541788,-0.1067603532240684,-0.2959779231123636,2.423987907033754,1.9190262088837624,2.56933865455318,2.2882550908688586,0,0.9238795325112868,-0.3826834323650895,0.9749279121818236,-0.2225209339563143
2018-12-05 07:35:00,-0.128104587532682,-0.4027539686600383,-0.0063938511006562,0.104866389435527,0.1459963720493445,-0.6583299423097935,-0.4773884256151941,-0.1353837324575773,2.587204827548324,2.1814087840270475,2.7153684990604847,1.63981543438705,0,0.9153114791194472,-0.4027466898587371,0.9749279121818236,-0.2225209339563143
2018-12-05 07:40:00,-0.128104587532682,-0.5439219952168122,-0.1182472614477532,0.574515815919722,0.1459963720493445,-0.853438918773713,-0.2920743894196533,-0.0550866371301841,2.7201100342530444,2.429522820340788,2.6586307887742078,1.3516200315062457,0,0.90630778703665,-0.4226182617406993,0.9749279121818236,-0.2225209339563143
2018-12-05 07:45:00,-0.2716303158151487,-0.2145299332510177,-0.4538074924891231,0.2390519398595555,0.1459963720493445,-0.5607754540778684,-0.2920743894196533,0.025210458197266,2.4146612258614937,2.453303718390028,2.470745256350797,1.4957177329466478,0,0.8968727415326884,-0.4422886902190011,0.9749279121818236,-0.2225209339563143
2018-12-05 07:50:00,0.0154211407497675,-0.5439219952168122,-0.5656609028362198,0.104866389435527,0.1459963720493445,-0.4632209658459432,-0.2920743894196533,0.025210458197266,2.349374457655666,2.4596452912031586,2.795359369300155,1.5677665836668473,0,0.8870108331782218,-0.4617486132350338,0.9749279121818236,-0.2225209339563143
2018-12-05 07:55:00,-0.2237884063876543,-0.2145299332510177,-0.4538074924891231,0.1719591646475412,0.1459963720493445,-0.4632209658459432,-0.4773884256151941,-0.4565721137672067,2.254553199071012,2.364521699006198,2.889302135511861,1.7839131358274525,0,0.8767267557075076,-0.4809887689193878,0.9749279121818236,-0.2225209339563143
2018-12-05 08:00:00,-0.3194722252426432,0.0678061198625298,-0.4538074924891231,-0.029319160988549,0.1459963720493445,-0.755884430541788,-0.1067603532240684,-0.5368692090945999,2.4255423538957985,2.6594048348167783,2.6130545952655577,1.5677665836668473,0,0.8660254037844387,-0.4999999999999998,0.9749279121818236,-0.2225209339563143
2018-12-05 08:05:00,-0.6543655912350541,0.2089741464193036,-0.5656609028362198,-0.2976902618366537,0.1459963720493445,-0.6583299423097935,0.0785536829715163,-0.2959779231123636,2.6050809664618235,2.6681244974348326,2.447492096397404,1.7118642851072496,0,0.8549118706729465,-0.5187732581605216,0.9749279121818236,-0.2225209339563143
2018-12-05 08:10:00,-0.9414170477999704,0.1619181375670234,-0.6775143131833168,-0.7002469131087867,0.1459963720493445,-0.755884430541788,0.0167823375730027,-0.6171663044220501,2.6167393179271508,2.5222683227328253,2.532133598627752,2.1441573894284565,0,0.8433914458128858,-0.5372996083468236,0.9749279121818236,-0.2225209339563143
2018-12-05 08:15:00,-0.7978913195175037,-0.2615859421032644,-0.4538074924891231,-0.7673396883208488,0.1459963720493445,-0.853438918773713,-0.2920743894196533,-0.4565721137672067,2.800941271079308,2.5753789950427954,2.7376915326157416,2.216206240148659,0,0.8314696123025451,-0.5555702330196023,0.9749279121818236,-0.2225209339563143
2018-12-05 08:20:00,-0.7500494100900261,-0.2145299332510177,-0.2301006717948499,-0.7002469131087867,0.1459963720493445,-0.853438918773713,-0.2920743894196533,-0.4565721137672067,2.860787475267983,2.546049220782065,2.820472782049819,2.360303941589061,0,0.8191520442889917,-0.5735764363510462,0.9749279121818236,-0.2225209339563143
2018-12-05 08:25:00,-0.462997953525093,-0.2615859421032644,-0.2301006717948499,-0.6331541378967727,0.1459963720493445,-0.4632209658459432,-0.2920743894196533,-0.3762750184398136,2.8390252191993737,2.600745286295318,2.8493067003920256,2.2882550908688586,0,0.8064446042674828,-0.5913096483635821,0.9749279121818236,-0.2225209339563143
2018-12-05 08:30:00,-0.2716303158151487,-0.3556979598077916,-0.3419540821420261,-0.4318758122606823,0.1459963720493445,-0.5607754540778684,0.0167823375730027,-0.2156808277849704,2.807936281958504,2.8060537061204265,2.696765971097771,1.9280108372678544,0,0.7933533402912352,-0.6087614290087207,0.9749279121818236,-0.2225209339563143
2018-12-05 08:35:00,-0.1759464969601767,-0.4498099775122852,-0.0063938511006562,-0.7002469131087867,0.1459963720493445,-0.2681119893820236,-0.1067603532240684,-0.1353837324575773,2.634615456840652,2.8195295483483296,3.000917303288144,2.1441573894284565,0,0.7798844830928817,-0.6259234721840591,0.9749279121818236,-0.2225209339563143
2018-12-05 08:40:00,-0.03242076867771,-0.2615859421032644,-0.2301006717948499,-0.7002469131087867,0.1459963720493445,0.0245514753138209,-0.1067603532240684,-0.6171663044220501,2.451190727119517,2.6483070823937997,2.8753502395398245,1.63981543438705,0,0.7660444431189783,-0.642787609686539,0.9749279121818236,-0.2225209339563143
2018-12-05 08:45:00,0.1111049596047395,-0.0263058978419972,-0.2301006717948499,-0.4989685874727441,0.1459963720493445,0.2196604517776712,-0.2303030440210958,-0.2959779231123636,2.402225650965145,2.5436711309771414,2.615844974459965,1.63981543438705,0,0.7518398074789774,-0.6593458151000688,0.9749279121818236,-0.2225209339563143
2018-12-05 08:50:00,0.2067887784597286,0.020750111010283,0.2173129695936169,-0.2976902618366537,0.1459963720493445,-0.1705575011500986,-0.168531698622582,0.025210458197266,2.344711117069535,2.8274565143647425,2.375872363740955,1.279571180786046,0,0.7372773368101241,-0.6755902076156602,0.9749279121818236,-0.2225209339563143
2018-12-05 08:55:00,0.063263050177262,-0.0733619066942439,0.2173129695936169,-0.029319160988549,0.1459963720493445,-0.6583299423097935,-0.168531698622582,0.025210458197266,2.1550685999002264,2.599159893092036,1.971267380551926,1.4236688822264485,0,0.7223639620597556,-0.6915130557822693,0.9749279121818236,-0.2225209339563143
2018-12-05 09:00:00,-0.03242076867771,-0.0263058978419972,0.4410197902878104,0.4403302654956459,0.1459963720493445,-0.4632209658459432,-0.0449890078255108,0.025210458197266,2.07268291621192,2.248787995166561,2.1191574778555022,1.4236688822264485,0,0.7071067811865476,-0.7071067811865475,0.9749279121818236,-0.2225209339563143
2018-12-05 09:05:00,0.0154211407497675,-0.0263058978419972,0.4410197902878104,0.7087013663437505,0.1459963720493445,-0.3656664776140181,0.2638677191671011,0.025210458197266,1.9483271672484388,2.2202509175074727,1.9340623246264983,1.279571180786046,0,0.6915130557822694,-0.7223639620597555,0.9749279121818236,-0.2225209339563143
2018-12-05 09:10:00,0.063263050177262,0.0678061198625298,0.4410197902878104,0.7757941415558124,0.1459963720493445,-0.0730030129181733,0.5109531007611996,0.1055075535246591,1.7874419170269342,2.08232170882188,1.4708593783549204,0.6311315243042344,0,0.6755902076156604,-0.737277336810124,0.9749279121818236,-0.2225209339563143
2018-12-05 09:15:00,0.2067887784597286,0.0678061198625298,0.5528732006349868,0.6416085911317362,0.1459963720493445,0.1221059635457461,0.3874104099641284,0.1055075535246591,1.6646406149254966,1.915062725875556,1.494112538308313,0.6311315243042344,0,0.659345815100069,-0.7518398074789773,0.9749279121818236,-0.2225209339563143
2018-12-05 09:20:00,0.4938402350246449,-0.0733619066942439,0.7765800213291805,0.5074230407077078,0.1459963720493445,0.1221059635457461,0.6962671369567845,0.2661017441795025,1.4042707655332078,1.7097543060504474,1.2643713179687954,0.9193269271850388,0,0.6427876096865391,-0.7660444431189782,0.9749279121818236,-0.2225209339563143
2018-12-05 09:25:00,0.4938402350246449,-0.1674739243987375,0.6647266109820836,0.574515815919722,0.1459963720493445,0.2196604517776712,0.6962671369567845,0.4266959348342887,1.096490286848591,1.347491959100353,1.1834503213309897,0.5590826735840349,0,0.6259234721840592,-0.7798844830928817,0.9749279121818236,-0.2225209339563143
2018-12-05 09:30:00,0.5895240538796169,0.1619181375670234,0.8884334316763568,0.9770724671919028,0.1459963720493445,0.1221059635457461,1.005123863949397,0.3463988395068956,1.0723963604869162,1.319747578042906,1.1787996893403112,1.0634246286254412,0,0.6087614290087209,-0.793353340291235,0.9749279121818236,-0.2225209339563143
2018-12-05 09:35:00,1.020101238727,0.444254190680571,1.0002868420234536,1.044165242403917,0.1459963720493445,0.0245514753138209,1.1286665547464678,0.5872901254891321,1.3288800927240976,1.4069442042234537,1.0857870495267412,1.279571180786046,0,0.5913096483635822,-0.8064446042674827,0.9749279121818236,-0.2225209339563143
2018-12-05 09:40:00,1.020101238727,0.4913101995328178,0.8884334316763568,0.6416085911317362,0.1459963720493445,0.1221059635457461,1.0668952093479542,0.6675872208165252,1.3576373596719018,1.1263296072424185,1.1118305886745408,1.3516200315062457,0,0.5735764363510464,-0.8191520442889916,0.9749279121818236,-0.2225209339563143
2018-12-05 09:45:00,1.115785057581972,0.7736462526463654,0.7765800213291805,0.7087013663437505,0.1459963720493445,0.4147694282415908,1.1904379001449814,0.9887756021261548,1.2472716324668118,1.1437689324785276,1.108110083081998,1.5677665836668473,0,0.5555702330196025,-0.831469612302545,0.9749279121818236,-0.2225209339563143
2018-12-05 09:50:00,1.4028365141469052,0.7265902437941186,0.8884334316763568,0.9770724671919028,0.1459963720493445,0.5123239164735159,1.1904379001449814,0.8281814114713114,1.0700646901938509,1.0415110708667938,1.3713358537544007,1.4236688822264485,0,0.5372996083468238,-0.8433914458128857,0.9749279121818236,-0.2225209339563143
2018-12-05 09:55:00,1.2593107858644386,1.0089262969076662,0.6647266109820836,0.7757941415558124,0.1459963720493445,0.5123239164735159,1.375751936340566,0.9084785067987616,1.1975293328814194,0.8694959083106231,1.4150517944667784,1.4236688822264485,0,0.5187732581605218,-0.8549118706729464,0.9749279121818236,-0.2225209339563143
2018-12-05 10:00:00,1.3549946047194106,1.338318358873427,0.8884334316763568,0.4403302654956459,0.1459963720493445,0.7074328929374355,1.375751936340566,0.9084785067987616,1.1376831286927442,0.8322391680334789,1.2792533403389663,1.7118642851072496,0,0.4999999999999999,-0.8660254037844387,0.9749279121818236,-0.2225209339563143
2018-12-05 10:05:00,1.115785057581972,1.1500943234644063,1.0002868420234536,0.9099796919798409,0.1459963720493445,0.5123239164735159,1.1904379001449814,1.2296668881083912,1.017213496884372,0.9638268039059428,1.335991050625244,1.63981543438705,0,0.4809887689193876,-0.8767267557075077,0.9749279121818236,-0.2225209339563143
2018-12-05 10:10:00,1.0679431481544943,1.385374367725707,1.5595538937590172,1.245443568040007,2.153422224457177,0.6098784047054411,1.005123863949397,0.9887756021261548,1.0210996140394806,1.0169374762159131,1.0141673168702925,1.1354734793456438,0,0.4617486132350339,-0.8870108331782217,0.9749279121818236,-0.2225209339563143
2018-12-05 10:15:00,1.0679431481544943,1.4794863854302012,1.5595538937590172,1.245443568040007,2.153422224457177,1.000096357633211,1.1286665547464678,1.2296668881083912,1.0459707638321774,1.12712230384406,0.8672073459648522,1.1354734793456438,0,0.4422886902190017,-0.8968727415326881,0.9749279121818236,-0.2225209339563143
2018-12-05 10:20:00,1.2593107858644386,1.1971503323166868,1.4477004834119205,1.3125363432520216,2.153422224457177,1.0976508458652052,1.1904379001449814,1.149369792780998,0.8050315002154316,0.882971750538525,1.0039359264907997,1.4236688822264485,0,0.4226182617406995,-0.90630778703665,0.9749279121818236,-0.2225209339563143
2018-12-05 10:25:00,1.6898879707118213,1.2912623500211804,1.5595538937590172,1.7150929945242024,2.153422224457177,0.8049873811693606,1.1904379001449814,1.149369792780998,0.9861245596435017,1.0399256776635115,0.8104696356785744,1.5677665836668473,0,0.4027466898587373,-0.9153114791194472,0.9749279121818236,-0.2225209339563143
2018-12-05 10:30:00,1.4985203330018773,1.2442063411689337,1.4477004834119205,1.6480002193121406,0.1459963720493445,0.8049873811693606,1.3139805909420526,1.309963983435784,0.713319135354864,0.4350981706111662,0.7295486390407686,1.4957177329466478,0,0.3826834323650899,-0.9238795325112868,0.9749279121818236,-0.2225209339563143
2018-12-05 10:35:00,1.6898879707118213,1.2442063411689337,1.4477004834119205,1.4467218936760975,0.1459963720493445,1.2927598223290555,1.252209245543495,1.2296668881083912,0.7731653395435397,0.6610167020789488,0.7667536949661966,1.7839131358274525,0,0.3624380382837013,-0.9320078692827988,0.9749279121818236,-0.2225209339563143
2018-12-05 10:40:00,1.833413698994288,1.2912623500211804,1.5595538937590172,1.4467218936760975,2.153422224457177,1.1952053340971305,1.43752328173908,1.309963983435784,0.610725642459992,0.7093711947790708,0.5109689354788796,1.4236688822264485,0,0.3420201433256689,-0.9396926207859084,0.9749279121818236,-0.2225209339563143
2018-12-05 10:45:00,1.7855717895667935,1.4794863854302012,1.671407304106114,1.513814668888112,2.153422224457177,1.0976508458652052,1.252209245543495,1.149369792780998,0.5166816073063596,0.6927245661446031,0.2356515216307129,0.9193269271850388,0,0.3214394653031617,-0.9469301294951056,0.9749279121818236,-0.2225209339563143
2018-12-05 10:50:00,1.7855717895667935,1.4324303765779542,1.671407304106114,1.5809074441001263,2.153422224457177,1.3903143105610498,1.375751936340566,0.6675872208165252,0.6254928876494057,0.64991894965597,0.2356515216307129,0.6311315243042344,0,0.3007057995042733,-0.9537169507482268,0.9749279121818236,-0.2225209339563143
2018-12-05 10:55:00,1.881255608421765,1.573598403134728,1.3358470730648235,1.4467218936760975,2.153422224457177,1.487868798792975,1.622837317934665,0.7478843161439183,0.5625377897366431,0.4184515419766978,0.2356515216307129,1.0634246286254412,0,0.2798290140309927,-0.9600498543859284,0.9749279121818236,-0.2225209339563143
2018-12-05 11:00:00,1.833413698994288,1.1971503323166868,1.3358470730648235,1.4467218936760975,2.153422224457177,1.5854232870249003,1.561065972536151,1.309963983435784,0.5236766181855552,0.5325998526130513,0.4737638795534516,1.1354734793456438,0,0.258819045102521,-0.9659258262890682,0.9749279121818236,-0.2225209339563143
2018-12-05 11:05:00,1.6898879707118213,1.4324303765779542,1.223993662717647,1.3125363432520216,2.153422224457177,1.487868798792975,1.375751936340566,1.149369792780998,0.5990672909946657,0.4160734521717737,0.2356515216307129,1.3516200315062457,0,0.2376858923261729,-0.9713420698132614,0.9749279121818236,-0.2225209339563143
2018-12-05 11:10:00,1.92909751784926,1.714766429691502,1.7832607144532904,0.9770724671919028,2.153422224457177,1.1952053340971305,1.1286665547464678,1.3902610787631773,0.2532028641899835,0.5222947967917135,0.2430925328157984,1.1354734793456438,0,0.2164396139381031,-0.9762960071199333,0.9749279121818236,-0.2225209339563143
2018-12-05 11:15:00,1.833413698994288,1.8088784473959956,1.3358470730648235,0.9770724671919028,0.1459963720493445,1.7805322634888197,1.43752328173908,1.149369792780998,0.0697781344688485,0.5460756948409542,0.2356515216307129,1.279571180786046,0,0.1950903220161281,-0.9807852804032304,0.9749279121818236,-0.2225209339563143
2018-12-05 11:20:00,1.833413698994288,1.997102482805016,1.7832607144532904,1.3125363432520216,2.153422224457177,1.3903143105610498,1.3139805909420526,1.309963983435784,0.3931030817738998,0.1917403139072735,0.2356515216307129,1.4236688822264485,0,0.1736481776669302,-0.984807753012208,0.9749279121818236,-0.2225209339563143
2018-12-05 11:25:00,1.5942041518568493,1.855934456248276,2.230674355841757,1.4467218936760975,0.1459963720493445,1.5854232870249003,1.9934653903258344,1.309963983435784,0.3519102399297465,0.3193644667715298,0.2356515216307129,1.1354734793456438,0,0.152123386189917,-0.9883615104677608,0.9749279121818236,-0.2225209339563143
2018-12-05 11:30:00,1.6420460612843268,1.6206544119869748,1.8951141248003875,1.5809074441001263,2.153422224457177,1.487868798792975,1.8699226995287632,1.309963983435784,0.2718562265345053,0.2607049182500702,0.2356515216307129,1.3516200315062457,0,0.130526192220052,-0.9914448613738104,0.9749279121818236,-0.2225209339563143
2018-12-05 11:35:00,1.4028365141469052,1.855934456248276,1.4477004834119205,1.513814668888112,2.153422224457177,1.9756412399526704,2.117008081122861,1.5508552694180209,0.1358421261056975,0.1996672799236865,0.2356515216307129,1.4236688822264485,0,0.1088668748519645,-0.9940563382223196,0.9749279121818236,-0.2225209339563143
2018-12-05 11:40:00,1.5463622424293548,1.9500464739527688,2.006967535147484,1.4467218936760975,2.153422224457177,1.9756412399526704,2.487636153514031,1.7917465554002572,0.2889551420169844,0.0022858261149921,0.3082013806852973,0.9913757779052416,0,0.0871557427476582,-0.9961946980917455,0.9749279121818236,-0.2225209339563143
2018-12-05 11:45:00,1.3549946047194106,1.855934456248276,1.8951141248003875,1.3125363432520216,2.153422224457177,1.878086751720745,2.3023221173184467,1.7114494600728638,-0.0335925818570457,0.3264987361863016,0.278437335944955,1.279571180786046,0,0.0654031292301431,-0.9978589232386036,0.9749279121818236,-0.2225209339563143
2018-12-05 11:50:00,1.1636269670094666,1.6206544119869748,1.7832607144532904,1.044165242403917,0.1459963720493445,1.6829777752568251,2.178779426521419,2.2735291273647302,0.0526792189863694,0.3146082871616816,0.2356515216307129,1.2075223300658433,0,0.0436193873653356,-0.9990482215818578,0.9749279121818236,-0.2225209339563143
2018-12-05 11:55:00,1.0679431481544943,1.9500464739527688,1.671407304106114,1.1783507928279455,0.1459963720493445,1.878086751720745,1.746380008731736,2.19323203203728,-0.170383905716875,0.405768396350436,0.2356515216307129,1.5677665836668473,0,0.0218148850345612,-0.9997620270799092,0.9749279121818236,-0.2225209339563143
2018-12-05 12:00:00,1.4028365141469052,1.7618224385437486,1.7832607144532904,1.6480002193121406,2.153422224457177,1.7805322634888197,1.4992946271376375,2.0326378413824937,-0.1268593935796564,0.2702172774697662,0.2356515216307129,1.63981543438705,0,1.2246467991473532e-16,-1.0,0.9749279121818236,-0.2225209339563143
2018-12-05 12:05:00,1.307152695291916,1.6677104208392215,1.5595538937590172,1.379629118464036,0.1459963720493445,1.6829777752568251,1.8081513541302496,1.6311523647454138,-0.3172791341799874,0.1782644716793705,0.2356515216307129,1.4236688822264485,0,-0.0218148850345609,-0.9997620270799092,0.9749279121818236,-0.2225209339563143
2018-12-05 12:10:00,1.4506784235743826,1.997102482805016,1.8951141248003875,1.513814668888112,0.1459963720493445,1.487868798792975,1.4992946271376375,1.9523407460550437,-0.262873494008464,-0.1063136083098723,0.2356515216307129,0.7031803750244372,0,-0.0436193873653353,-0.9990482215818578,0.9749279121818236,-0.2225209339563143
2018-12-05 12:15:00,1.4506784235743826,1.573598403134728,2.230674355841757,1.782185769736217,2.153422224457177,1.6829777752568251,1.4992946271376375,2.2735291273647302,-0.2737546220427689,0.2551560420385808,0.2356515216307129,0.8472780764648393,0,-0.0654031292301428,-0.9978589232386036,0.9749279121818236,-0.2225209339563143
2018-12-05 12:20:00,1.6420460612843268,1.573598403134728,2.1188209454946603,2.2518351962204117,2.153422224457177,1.487868798792975,1.375751936340566,2.0326378413824937,0.0682236876068047,0.0989948115152361,0.2356515216307129,0.9193269271850388,0,-0.0871557427476579,-0.9961946980917455,0.9749279121818236,-0.2225209339563143
2018-12-05 12:25:00,1.3549946047194106,1.385374367725707,2.006967535147484,2.0505568705843213,2.153422224457177,1.6829777752568251,1.746380008731736,1.9523407460550437,-0.0203797835296757,0.1362515517923791,0.2356515216307129,0.4149849721436327,0,-0.1088668748519643,-0.9940563382223196,0.9749279121818236,-0.2225209339563143
2018-12-05 12:30:00,1.4985203330018773,1.5265423942824814,2.1188209454946603,2.0505568705843213,2.153422224457177,1.5854232870249003,1.9316940449272768,2.0326378413824937,0.2096783520527648,0.2591195250467872,0.2356515216307129,0.4870338228638322,0,-0.1305261922200517,-0.9914448613738104,0.9749279121818236,-0.2225209339563143
2018-12-05 12:35:00,1.5463622424293548,1.7618224385437486,2.1188209454946603,2.0505568705843213,0.1459963720493445,1.5854232870249003,2.240550771919933,1.87204365072765,0.1933566600013079,0.0490549256118312,0.2356515216307129,0.34293612142343,0,-0.1521233861899168,-0.9883615104677608,0.9749279121818236,-0.2225209339563143
2018-12-05 12:40:00,1.7855717895667935,1.855934456248276,1.8951141248003875,1.983464095372307,2.153422224457177,1.5854232870249003,1.6846086633331785,1.87204365072765,0.1894705428461992,0.0197251513511016,0.2356515216307129,1.1354734793456438,0,-0.17364817766693,-0.984807753012208,0.9749279121818236,-0.2225209339563143
2018-12-05 12:45:00,1.92909751784926,1.6677104208392215,1.8951141248003875,2.0505568705843213,2.153422224457177,1.7805322634888197,1.6846086633331785,1.5508552694180209,-0.006389761771284,-0.1744855160510279,0.2356515216307129,0.7031803750244372,0,-0.1950903220161279,-0.9807852804032304,0.9749279121818236,-0.2225209339563143
2018-12-05 12:50:00,1.4985203330018773,1.573598403134728,2.1188209454946603,1.983464095372307,2.153422224457177,1.9756412399526704,1.746380008731736,1.5508552694180209,0.2819601311377884,0.0419206561970594,0.2356515216307129,1.2075223300658433,0,-0.2164396139381029,-0.9762960071199334,0.9749279121818236,-0.2225209339563143
2018-12-05 12:55:00,1.833413698994288,1.573598403134728,1.671407304106114,1.849278544948231,2.153422224457177,1.9756412399526704,1.8699226995287632,1.7917465554002572,0.2671928859483751,0.2551560420385808,0.2356515216307129,1.2075223300658433,0,-0.2376858923261727,-0.9713420698132617,0.9749279121818236,-0.2225209339563143
2018-12-05 13:00:00,2.07262324613171,1.6677104208392215,2.006967535147484,1.6480002193121406,2.153422224457177,2.2683047046485147,1.746380008731736,2.112934936709886,0.3931030817738998,0.1536908770284887,0.2356515216307129,1.1354734793456438,0,-0.2588190451025208,-0.9659258262890684,0.9749279121818236,-0.2225209339563143
2018-12-05 13:05:00,2.07262324613171,2.091214500509543,1.8951141248003875,1.5809074441001263,2.153422224457177,1.6829777752568251,1.375751936340566,1.9523407460550437,0.0519019955553478,0.2908273891124415,0.2356515216307129,1.279571180786046,0,-0.2798290140309925,-0.9600498543859286,0.9749279121818236,-0.2225209339563143
2018-12-05 13:10:00,1.737729880139299,1.9029904651005225,2.006967535147484,1.4467218936760975,2.153422224457177,1.878086751720745,1.3139805909420526,2.2735291273647302,0.177812191380873,0.4668060346768198,0.2403021536213914,1.4236688822264485,0,-0.300705799504273,-0.9537169507482268,0.9749279121818236,-0.2225209339563143
2018-12-05 13:15:00,1.881255608421765,2.091214500509543,1.8951141248003875,1.379629118464036,2.153422224457177,1.878086751720745,1.746380008731736,2.0326378413824937,0.1537182650191983,0.3320476123977911,0.2356515216307129,0.9913757779052416,0,-0.3214394653031615,-0.9469301294951056,0.9749279121818236,-0.2225209339563143
2018-12-05 13:20:00,2.0247813367042324,1.9029904651005225,1.8951141248003875,1.7150929945242024,2.153422224457177,2.170750216416589,1.6846086633331785,2.2735291273647302,0.440513711066227,0.1632032362481851,0.2682059455654623,0.4149849721436327,0,-0.3420201433256686,-0.9396926207859084,0.9749279121818236,-0.2225209339563143
2018-12-05 13:25:00,1.92909751784926,1.573598403134728,1.8951141248003875,1.5809074441001263,2.153422224457177,1.7805322634888197,1.9316940449272768,1.7917465554002572,0.29595015289618,0.0894824522955402,0.3072712542871616,-0.017308132177574,0,-0.3624380382837011,-0.9320078692827988,0.9749279121818236,-0.2225209339563143
2018-12-05 13:30:00,2.07262324613171,1.9500464739527688,2.1188209454946603,1.6480002193121406,2.153422224457177,1.5854232870249003,2.117008081122861,1.7917465554002572,-0.0094986554953711,-0.0722276544392945,0.253323923195291,0.2708872707032305,0,-0.3826834323650896,-0.9238795325112868,0.9749279121818236,-0.2225209339563143
2018-12-05 13:35:00,2.359674702696643,1.997102482805016,1.8951141248003875,1.3125363432520216,2.153422224457177,2.56096816934436,1.9934653903258344,1.87204365072765,0.2151189160699171,-0.1507046180017872,0.3965633885081887,0.4870338228638322,0,-0.4027466898587371,-0.9153114791194472,0.9749279121818236,-0.2225209339563143
2018-12-05 13:40:00,2.120465155559204,2.138270509361789,1.671407304106114,1.1783507928279455,2.153422224457177,2.36585919288044,2.117008081122861,2.112934936709886,-0.0172708898055886,0.2289970541844166,0.2356515216307129,0.4870338228638322,0,-0.4226182617406993,-0.90630778703665,0.9749279121818236,-0.2225209339563143
2018-12-05 13:45:00,1.881255608421765,2.138270509361789,1.671407304106114,1.5809074441001263,2.153422224457177,2.36585919288044,1.9316940449272768,2.112934936709886,0.0215902817454991,0.0625307678397342,0.2356515216307129,0.2708872707032305,0,-0.4422886902190014,-0.8968727415326883,0.9749279121818236,-0.2225209339563143
2018-12-05 13:50:00,1.833413698994288,2.279438535918564,1.3358470730648235,1.513814668888112,2.153422224457177,2.170750216416589,1.9934653903258344,2.19323203203728,0.2477623001728311,0.0839335760840507,0.4821350171366729,0.0547407185426255,0,-0.4617486132350341,-0.8870108331782216,0.9749279121818236,-0.2225209339563143
2018-12-05 13:55:00,1.92909751784926,2.279438535918564,1.3358470730648235,1.379629118464036,2.153422224457177,1.878086751720745,1.8699226995287632,2.2735291273647302,0.2477623001728311,0.0672869474495824,0.4467902140075164,0.2708872707032305,0,-0.4809887689193874,-0.8767267557075078,0.9749279121818236,-0.2225209339563143
2018-12-05 14:00:00,1.92909751784926,2.279438535918564,1.4477004834119205,1.5809074441001263,2.153422224457177,1.9756412399526704,2.240550771919933,2.2735291273647302,0.3013907169133323,0.1679594158580328,0.3268039086480113,0.1267895692628282,0,-0.4999999999999997,-0.8660254037844388,0.9749279121818236,-0.2225209339563143
2018-12-05 14:05:00,1.6898879707118213,2.044158491657297,1.671407304106114,1.5809074441001263,2.153422224457177,2.0731957281845954,1.9316940449272768,2.19323203203728,0.3215985261198979,0.2488144692254501,0.2356515216307129,0.4149849721436327,0,-0.5187732581605216,-0.8549118706729465,0.9749279121818236,-0.2225209339563143
2018-12-05 14:10:00,1.9769394272767375,2.044158491657297,2.006967535147484,1.849278544948231,2.153422224457177,1.5854232870249003,1.9934653903258344,2.112934936709886,0.0309169629177605,-0.0072265331047043,0.2356515216307129,0.34293612142343,0,-0.5372996083468236,-0.8433914458128858,0.9749279121818236,-0.2225209339563143
2018-12-05 14:15:00,1.92909751784926,2.091214500509543,1.7832607144532904,1.849278544948231,2.153422224457177,1.487868798792975,1.8699226995287632,1.9523407460550437,0.1902477662772208,-0.0016776568932148,0.2356515216307129,0.0547407185426255,0,-0.555570233019602,-0.8314696123025455,0.9749279121818236,-0.2225209339563143
2018-12-05 14:20:00,2.0247813367042324,2.091214500509543,1.8951141248003875,1.7150929945242024,2.153422224457177,1.487868798792975,2.055236735724348,1.9523407460550437,0.3938803052049214,-0.126923719952547,0.2356515216307129,0.1988384199830277,0,-0.5735764363510458,-0.819152044288992,0.9749279121818236,-0.2225209339563143
2018-12-05 14:25:00,2.120465155559204,1.9029904651005225,1.7832607144532904,1.782185769736217,2.153422224457177,1.7805322634888197,1.8081513541302496,1.87204365072765,0.440513711066227,0.087104362490616,0.2356515216307129,0.1988384199830277,0,-0.5913096483635824,-0.8064446042674825,0.9749279121818236,-0.2225209339563143
2018-12-05 14:30:00,1.9769394272767375,1.9029904651005225,1.671407304106114,1.782185769736217,2.153422224457177,1.9756412399526704,1.622837317934665,1.9523407460550437,0.1576043821743069,0.5096116511654524,0.2356515216307129,0.2708872707032305,0,-0.6087614290087207,-0.7933533402912352,0.9749279121818236,-0.2225209339563143
2018-12-05 14:35:00,2.07262324613171,2.044158491657297,1.671407304106114,1.7150929945242024,2.153422224457177,2.0731957281845954,1.8081513541302496,1.7114494600728638,0.1964655537253948,0.3264987361863016,0.2356515216307129,0.8472780764648393,0,-0.6259234721840591,-0.7798844830928818,0.9749279121818236,-0.2225209339563143
2018-12-05 14:40:00,2.359674702696643,2.138270509361789,1.7832607144532904,1.849278544948231,2.153422224457177,1.9756412399526704,1.622837317934665,1.9523407460550437,0.1785894148118946,0.2607049182500702,0.2356515216307129,0.6311315243042344,0,-0.6427876096865389,-0.7660444431189783,0.9749279121818236,-0.2225209339563143
2018-12-05 14:45:00,2.359674702696643,2.044158491657297,1.8951141248003875,1.7150929945242024,2.153422224457177,2.2683047046485147,1.3139805909420526,1.6311523647454138,-0.0747854237011984,0.3732678356831412,0.2356515216307129,0.6311315243042344,0,-0.6593458151000688,-0.7518398074789774,0.9749279121818236,-0.2225209339563143
2018-12-05 14:50:00,1.881255608421765,1.9500464739527688,1.5595538937590172,1.7150929945242024,0.1459963720493445,2.0731957281845954,1.3139805909420526,1.7917465554002572,0.0456842081071738,0.4723549108883093,0.2356515216307129,0.5590826735840349,0,-0.6755902076156601,-0.7372773368101241,0.9749279121818236,-0.2225209339563143
2018-12-05 14:55:00,1.833413698994288,2.044158491657297,1.7832607144532904,1.6480002193121406,2.153422224457177,1.9756412399526704,1.375751936340566,1.7917465554002572,0.1840299788290469,0.2805223332911039,0.2356515216307129,0.4149849721436327,0,-0.691513055782269,-0.722363962059756,0.9749279121818236,-0.2225209339563143
2018-12-05 15:00:00,1.6898879707118213,1.855934456248276,1.671407304106114,1.5809074441001263,2.153422224457177,2.170750216416589,1.375751936340566,1.5508552694180209,0.177812191380873,0.3534504206421076,0.2356515216307129,0.4870338228638322,0,-0.7071067811865471,-0.7071067811865479,0.9749279121818236,-0.2225209339563143
2018-12-05 15:05:00,1.9769394272767375,1.7618224385437486,1.7832607144532904,1.513814668888112,0.1459963720493445,2.2683047046485147,1.43752328173908,1.87204365072765,0.407870326963313,0.320157163373171,0.2356515216307129,0.1267895692628282,0,-0.7223639620597557,-0.6915130557822692,0.9749279121818236,-0.2225209339563143
2018-12-05 15:10:00,1.881255608421765,1.5265423942824814,1.7832607144532904,1.5809074441001263,0.1459963720493445,2.2683047046485147,1.561065972536151,1.9523407460550437,0.3340341010162463,0.0680796440512235,0.2356515216307129,0.0547407185426255,0,-0.7372773368101239,-0.6755902076156604,0.9749279121818236,-0.2225209339563143
2018-12-05 15:15:00,1.833413698994288,1.573598403134728,1.8951141248003875,1.379629118464036,0.1459963720493445,1.9756412399526704,1.4992946271376375,1.7114494600728638,0.1436143604159152,-0.1887540548805719,0.3565679533883537,0.34293612142343,0,-0.7518398074789773,-0.6593458151000691,0.9749279121818236,-0.2225209339563143
2018-12-05 15:20:00,1.4985203330018773,1.7618224385437486,1.7832607144532904,1.513814668888112,2.153422224457177,1.6829777752568251,1.8699226995287632,1.7917465554002572,0.1506093712951113,-0.0690568680327285,0.2356515216307129,0.4870338228638322,0,-0.7660444431189779,-0.6427876096865395,0.9749279121818236,-0.2225209339563143
2018-12-05 15:25:00,2.168307064986699,1.4324303765779542,1.7832607144532904,1.5809074441001263,2.153422224457177,1.7805322634888197,1.8699226995287632,2.112934936709886,0.1638221696224808,-0.1094843947164376,0.2356515216307129,0.6311315243042344,0,-0.7798844830928814,-0.6259234721840596,0.9749279121818236,-0.2225209339563143
2018-12-05 15:30:00,2.07262324613171,1.338318358873427,1.7832607144532904,1.513814668888112,2.153422224457177,1.878086751720745,1.9316940449272768,1.9523407460550437,0.0899859436754141,0.0498476222134729,0.2356515216307129,-0.0893569828977767,0,-0.7933533402912349,-0.6087614290087209,0.9749279121818236,-0.2225209339563143
2018-12-05 15:35:00,1.92909751784926,1.2912623500211804,1.671407304106114,1.849278544948231,0.1459963720493445,2.0731957281845954,2.055236735724348,1.9523407460550437,0.4684937545830102,0.4358908672128073,0.2356515216307129,0.1988384199830277,0,-0.8064446042674827,-0.5913096483635822,0.9749279121818236,-0.2225209339563143
2018-12-05 15:40:00,1.5463622424293548,1.5265423942824814,1.5595538937590172,1.7150929945242024,2.153422224457177,1.487868798792975,1.622837317934665,1.7114494600728638,0.4226375721527268,0.5865032215246626,0.2356515216307129,0.6311315243042344,0,-0.8191520442889916,-0.5735764363510464,0.9749279121818236,-0.2225209339563143
2018-12-05 15:45:00,1.5942041518568493,1.6206544119869748,1.4477004834119205,1.782185769736217,2.153422224457177,1.1952053340971305,1.9316940449272768,1.87204365072765,0.5586516725815345,0.3930852507241749,0.2356515216307129,0.7031803750244372,0,-0.8314696123025452,-0.5555702330196022,0.9749279121818236,-0.2225209339563143
2018-12-05 15:50:00,1.5942041518568493,1.714766429691502,1.5595538937590172,1.7150929945242024,2.153422224457177,0.8049873811693606,1.746380008731736,1.7114494600728638,0.3550191336538335,0.4366835638144486,0.2356515216307129,1.0634246286254412,0,-0.8433914458128859,-0.5372996083468234,0.9749279121818236,-0.2225209339563143
2018-12-05 15:55:00,1.6420460612843268,1.997102482805016,1.3358470730648235,1.4467218936760975,2.153422224457177,0.7074328929374355,1.746380008731736,1.309963983435784,0.1537182650191983,0.3415599716174876,0.2356515216307129,0.4870338228638322,0,-0.8549118706729466,-0.5187732581605214,0.9749279121818236,-0.2225209339563143
2018-12-05 16:00:00,1.307152695291916,1.997102482805016,1.671407304106114,1.3125363432520216,2.153422224457177,0.6098784047054411,1.746380008731736,1.3902610787631773,0.2842918014308537,0.5849178283213803,0.2356515216307129,0.34293612142343,0,-0.8660254037844385,-0.5000000000000004,0.9749279121818236,-0.2225209339563143
2018-12-05 16:05:00,1.0679431481544943,1.5265423942824814,1.8951141248003875,1.245443568040007,2.153422224457177,0.3172149400095964,1.43752328173908,1.309963983435784,0.2617523219312228,0.4200369351799803,0.2356515216307129,-0.4496012364987807,0,-0.8767267557075072,-0.4809887689193884,0.9749279121818236,-0.2225209339563143
2018-12-05 16:10:00,1.5463622424293548,1.338318358873427,1.8951141248003875,1.513814668888112,0.1459963720493445,0.9025418694012856,1.561065972536151,1.4705581740906275,0.2609750985002006,0.5635150200770638,0.2356515216307129,-0.3775523857785781,0,-0.8870108331782218,-0.4617486132350336,0.9749279121818236,-0.2225209339563143
2018-12-05 16:15:00,1.2593107858644386,1.1971503323166868,1.4477004834119205,1.3125363432520216,0.1459963720493445,0.9025418694012856,1.561065972536151,1.3902610787631773,0.2772967905516577,0.4858307531162122,0.2356515216307129,-0.3775523857785781,0,-0.8968727415326883,-0.4422886902190013,0.9749279121818236,-0.2225209339563143
2018-12-05 16:20:00,1.4028365141469052,1.1971503323166868,1.4477004834119205,1.7150929945242024,0.1459963720493445,1.2927598223290555,1.375751936340566,1.4705581740906275,0.4179742315665961,0.7252251268118979,0.2356515216307129,-0.4496012364987807,0,-0.9063077870366496,-0.4226182617406999,0.9749279121818236,-0.2225209339563143
2018-12-05 16:25:00,1.3549946047194106,1.1971503323166868,1.3358470730648235,2.0505568705843213,2.153422224457177,1.9756412399526704,1.3139805909420526,1.7917465554002572,0.4529492859625754,0.4525374958472756,0.2356515216307129,-0.4496012364987807,0,-0.9153114791194472,-0.4027466898587373,0.9749279121818236,-0.2225209339563143
2018-12-05 16:30:00,1.5463622424293548,1.2442063411689337,1.3358470730648235,1.7150929945242024,2.153422224457177,1.9756412399526704,1.561065972536151,1.4705581740906275,0.341806335326464,0.4271712045947526,0.2356515216307129,-0.5216500872189802,0,-0.9238795325112868,-0.3826834323650895,0.9749279121818236,-0.2225209339563143
2018-12-05 16:35:00,1.4985203330018773,1.2912623500211804,1.1121402523705504,1.849278544948231,2.153422224457177,2.2683047046485147,1.375751936340566,1.3902610787631773,0.1879160959841554,0.5143678307753006,0.4458600876093807,-0.233454684338179,0,-0.9320078692827984,-0.3624380382837018,0.9749279121818236,-0.2225209339563143
2018-12-05 16:40:00,1.4028365141469052,1.4324303765779542,0.8884334316763568,1.782185769736217,2.153422224457177,1.878086751720745,1.8081513541302496,1.2296668881083912,0.1202976574852627,0.5888813113295868,0.349126942203268,0.2708872707032305,0,-0.9396926207859084,-0.3420201433256685,0.9749279121818236,-0.2225209339563143
2018-12-05 16:45:00,1.3549946047194106,1.2442063411689337,1.223993662717647,1.044165242403917,2.153422224457177,1.487868798792975,1.4992946271376375,1.149369792780998,0.2524256407589613,0.9012037723762762,0.386331998128696,0.7031803750244372,0,-0.9469301294951056,-0.3214394653031618,0.9749279121818236,-0.2225209339563143
2018-12-05 16:50:00,1.115785057581972,1.338318358873427,1.1121402523705504,1.1112580176159312,0.1459963720493445,1.3903143105610498,1.1286665547464678,0.9084785067987616,0.4708254248760756,0.8362026510416866,0.2356515216307129,0.7752292257446367,0,-0.9537169507482268,-0.3007057995042738,0.9749279121818236,-0.2225209339563143
2018-12-05 16:55:00,0.8765755104445332,1.0089262969076662,1.1121402523705504,0.9770724671919028,0.1459963720493445,1.2927598223290555,1.4992946271376375,0.6675872208165252,0.486369893496511,0.9408386024583434,0.3370352990275039,0.4870338228638322,0,-0.9600498543859286,-0.2798290140309923,0.9749279121818236,-0.2225209339563143
2018-12-05 17:00:00,0.8765755104445332,1.1030383146121598,0.6647266109820836,0.7757941415558124,0.1459963720493445,1.3903143105610498,1.43752328173908,0.5872901254891321,0.4265236893078353,0.8552273694810784,0.5909598057185497,0.2708872707032305,0,-0.9659258262890684,-0.2588190451025206,0.9749279121818236,-0.2225209339563143
2018-12-05 17:05:00,0.5895240538796169,0.8207022614986123,0.6647266109820836,0.9099796919798409,0.1459963720493445,1.487868798792975,1.375751936340566,0.9887756021261548,0.5874089395293394,1.1651717407228437,0.7295486390407686,-0.1614058336179762,0,-0.9713420698132612,-0.2376858923261734,0.9749279121818236,-0.2225209339563143
2018-12-05 17:10:00,0.2546306878872062,0.4913101995328178,0.5528732006349868,1.1783507928279455,0.1459963720493445,1.1952053340971305,1.375751936340566,1.309963983435784,0.784823691008866,1.3205402746445478,0.8300022900394242,-0.1614058336179762,0,-0.9762960071199334,-0.2164396139381028,0.9749279121818236,-0.2225209339563143
2018-12-05 17:15:00,0.4459983255971503,0.444254190680571,0.6647266109820836,1.983464095372307,0.1459963720493445,1.2927598223290555,0.943352518550883,0.9084785067987616,0.9091794399723474,1.1263296072424185,1.0736954063509772,0.1988384199830277,0,-0.9807852804032304,-0.1950903220161286,0.9749279121818236,-0.2225209339563143
2018-12-05 17:20:00,0.4459983255971503,0.4913101995328178,0.6647266109820836,1.513814668888112,0.1459963720493445,1.3903143105610498,1.005123863949397,1.149369792780998,0.913065557127456,1.177854886349105,1.0197480752591066,0.0547407185426255,0,-0.984807753012208,-0.1736481776669312,0.9749279121818236,-0.2225209339563143
2018-12-05 17:25:00,0.7330497821620836,0.7736462526463654,0.4410197902878104,1.4467218936760975,0.1459963720493445,1.000096357633211,1.1286665547464678,1.0690726974535478,0.9830156659194148,0.7656526534956068,1.2848340987277806,0.5590826735840349,0,-0.9883615104677608,-0.1521233861899162,0.9749279121818236,-0.2225209339563143
2018-12-05 17:30:00,0.8765755104445332,0.961870288055386,0.3291663799407137,1.1783507928279455,0.1459963720493445,0.9025418694012856,0.6344957915582708,0.9887756021261548,1.3817312860335764,1.0018762407847266,0.9927744097131714,0.4149849721436327,0,-0.9914448613738104,-0.1305261922200516,0.9749279121818236,-0.2225209339563143
2018-12-05 17:35:00,0.8765755104445332,0.8677582703508925,0.6647266109820836,0.6416085911317362,0.1459963720493445,0.7074328929374355,0.8815811731523693,1.0690726974535478,1.3350978801722713,0.6800414205183418,1.253209801191167,0.4149849721436327,0,-0.9940563382223196,-0.108866874851965,0.9749279121818236,-0.2225209339563143
2018-12-05 17:40:00,0.8287336010170556,0.5383662083850981,0.4410197902878104,0.574515815919722,0.1459963720493445,0.5123239164735159,0.6344957915582708,0.5872901254891321,1.516968163031362,1.2333436484639992,1.4829510215306845,0.2708872707032305,0,-0.9961946980917455,-0.0871557427476582,0.9749279121818236,-0.2225209339563143
2018-12-05 17:45:00,0.5416821444521225,0.3971981818283242,0.7765800213291805,0.9099796919798409,0.1459963720493445,0.6098784047054411,0.8815811731523693,0.6675872208165252,1.6918434350112577,1.453713303720293,2.0559088827822745,0.4149849721436327,0,-0.9978589232386036,-0.0654031292301427,0.9749279121818236,-0.2225209339563143
2018-12-05 17:50:00,0.5895240538796169,0.6795342349418718,0.8884334316763568,0.7757941415558124,0.1459963720493445,0.1221059635457461,0.6344957915582708,0.5872901254891321,1.7874419170269342,1.579752063381267,1.968477001357519,0.4149849721436327,0,-0.9990482215818578,-0.0436193873653361,0.9749279121818236,-0.2225209339563143
2018-12-05 17:55:00,0.3981564161696728,0.444254190680571,0.5528732006349868,0.9099796919798409,0.1459963720493445,0.0245514753138209,0.3256390645656148,0.5872901254891321,1.8597236961119583,1.7517672259374388,1.9694071277556549,0.1988384199830277,0,-0.9997620270799092,-0.0218148850345608,0.9749279121818236,-0.2225209339563143
2018-12-05 18:00:00,0.4459983255971503,0.5854222172373449,0.7765800213291805,0.6416085911317362,0.1459963720493445,0.1221059635457461,0.14032502837003,0.4266959348342887,1.6918434350112577,1.9499413763477749,1.894066889506663,0.0547407185426255,0,-1.0,-1.8369701987210294e-16,0.9749279121818236,-0.2225209339563143
2018-12-05 18:05:00,0.9244174198720276,0.7736462526463654,0.6647266109820836,0.104866389435527,0.1459963720493445,-0.1705575011500986,-0.168531698622582,0.8281814114713114,1.8457336743535664,2.0918340680415746,1.4950426647064483,0.1267895692628282,0,-0.9997620270799092,0.0218148850345604,0.9749279121818236,-0.2225209339563143
2018-12-05 18:10:00,0.2067887784597286,0.444254190680571,0.5528732006349868,0.4403302654956459,0.1459963720493445,-0.2681119893820236,-0.168531698622582,0.4266959348342887,1.8115358433886088,2.156042492774524,1.4029601512910146,0.1267895692628282,0,-0.9990482215818578,0.0436193873653357,0.9749279121818236,-0.2225209339563143
2018-12-05 18:15:00,0.3503145067421782,0.3971981818283242,0.4410197902878104,0.4403302654956459,0.1459963720493445,-0.1705575011500986,-0.168531698622582,0.4266959348342887,1.561269898599603,1.9729295777953733,1.4085409096798285,0.1267895692628282,0,-0.9978589232386036,0.0654031292301423,0.9749279121818236,-0.2225209339563143
2018-12-05 18:20:00,0.3024725973147008,0.444254190680571,0.2173129695936169,0.574515815919722,0.1459963720493445,0.1221059635457461,-0.4156170802166805,0.4266959348342887,1.5977993998576254,1.7097543060504474,1.4336543224294926,0.2708872707032305,0,-0.9961946980917455,0.0871557427476578,0.9749279121818236,-0.2225209339563143
2018-12-05 18:25:00,0.1111049596047395,0.4913101995328178,0.3291663799407137,0.7757941415558124,0.1459963720493445,0.3172149400095964,-0.6009311164122655,0.4266959348342887,1.746249075182781,1.8762205923951292,1.5043439286878058,0.5590826735840349,0,-0.9940563382223196,0.1088668748519647,0.9749279121818236,-0.2225209339563143
2018-12-05 18:30:00,0.2067887784597286,0.4913101995328178,0.2173129695936169,0.5074230407077078,0.1459963720493445,0.2196604517776712,-0.2920743894196533,0.2661017441795025,1.7804469061477382,1.7509745293357972,1.9582456109780264,0.1267895692628282,0,-0.9914448613738104,0.1305261922200512,0.9749279121818236,-0.2225209339563143
2018-12-05 18:35:00,-0.0802626781052044,0.444254190680571,0.10545955924652,0.3061447150716174,0.1459963720493445,-0.0730030129181733,-0.4156170802166805,0.4266959348342887,1.8752681647323937,1.997503172446255,2.052188377189732,0.0547407185426255,0,-0.9883615104677608,0.1521233861899159,0.9749279121818236,-0.2225209339563143
2018-12-05 18:40:00,0.3503145067421782,0.4913101995328178,0.10545955924652,-0.2305974866245919,0.1459963720493445,-0.755884430541788,-0.3538457348181669,0.3463988395068956,2.079677927091116,2.087077888431728,2.078231916337532,-0.4496012364987807,0,-0.984807753012208,0.1736481776669308,0.9749279121818236,-0.2225209339563143
2018-12-05 18:45:00,0.4459983255971503,0.3501421729760774,-0.0063938511006562,-0.2305974866245919,0.1459963720493445,-0.755884430541788,-0.2303030440210958,-0.0550866371301841,2.273206561415533,2.21232395149106,2.1340395002256733,-0.0893569828977767,0,-0.9807852804032304,0.1950903220161283,0.9749279121818236,-0.2225209339563143
2018-12-05 18:50:00,0.2067887784597286,0.2089741464193036,0.2173129695936169,-0.1635047114125776,0.1459963720493445,-0.5607754540778684,-0.2303030440210958,-0.1353837324575773,2.200147558899488,2.3637290024045567,2.0475377451990537,0.1267895692628282,0,-0.9762960071199336,0.2164396139381024,0.9749279121818236,-0.2225209339563143
2018-12-05 18:55:00,-0.2237884063876543,0.3030861641237972,-0.1182472614477532,0.0377736142235127,0.1459963720493445,-0.755884430541788,-0.3538457348181669,-0.2156808277849704,2.022163393195505,2.4160469781128846,2.098694697096517,0.34293612142343,0,-0.9713420698132614,0.237685892326173,0.9749279121818236,-0.2225209339563143
2018-12-05 19:00:00,-0.2716303158151487,0.5854222172373449,0.10545955924652,-0.029319160988549,0.1459963720493445,-0.3656664776140181,-0.4156170802166805,-0.0550866371301841,1.7485807454758464,2.309032936891304,2.1368298794200804,-0.233454684338179,0,-0.9659258262890684,0.2588190451025203,0.9749279121818236,-0.2225209339563143
2018-12-05 19:05:00,0.1111049596047395,0.4913101995328178,0.2173129695936169,0.1719591646475412,0.1459963720493445,-0.2681119893820236,-0.2303030440210958,0.025210458197266,1.9934061262477007,2.3962295630718518,2.2056592328821223,-0.3055035350583786,0,-0.9600498543859288,0.279829014030992,0.9749279121818236,-0.2225209339563143
2018-12-05 19:10:00,0.4459983255971503,0.2089741464193036,0.3291663799407137,-0.4318758122606823,0.1459963720493445,-0.2681119893820236,0.0785536829715163,0.025210458197266,2.199370335468466,2.4152542815112445,2.313553895065863,-0.1614058336179762,0,-0.9537169507482268,0.3007057995042734,0.9749279121818236,-0.2225209339563143
2018-12-05 19:15:00,0.3024725973147008,0.3971981818283242,0.2173129695936169,-0.029319160988549,0.1459963720493445,-0.3656664776140181,0.2020963737685875,0.1858046488520522,2.088227384832355,2.3209233859159237,1.9703372541537905,0.0547407185426255,0,-0.9469301294951056,0.3214394653031615,0.9749279121818236,-0.2225209339563143
2018-12-05 19:20:00,0.3981564161696728,0.444254190680571,0.3291663799407137,-0.4318758122606823,0.1459963720493445,-0.0730030129181733,-0.1067603532240684,-0.1353837324575773,2.239785953881598,1.9483559831444923,1.9591757373761625,-0.0893569828977767,0,-0.9396926207859084,0.3420201433256681,0.9749279121818236,-0.2225209339563143
2018-12-05 19:25:00,0.2546306878872062,0.1619181375670234,-0.0063938511006562,-0.4318758122606823,0.1459963720493445,0.3172149400095964,-0.1067603532240684,-0.1353837324575773,2.0835640442462244,1.762072281758776,2.0661402731617677,0.34293612142343,0,-0.9320078692827986,0.3624380382837014,0.9749279121818236,-0.2225209339563143
2018-12-05 19:30:00,0.1589468690322341,0.1148621287147766,-0.1182472614477532,-0.0964119362005633,0.1459963720493445,0.3172149400095964,0.0167823375730027,0.2661017441795025,2.3206171907078605,1.695485767220903,1.6578147843801956,0.7752292257446367,0,-0.923879532511287,0.3826834323650891,0.9749279121818236,-0.2225209339563143
2018-12-05 19:35:00,0.0154211407497675,0.1619181375670234,-0.0063938511006562,0.104866389435527,0.1459963720493445,0.9025418694012856,-0.1067603532240684,0.1055075535246591,2.403002874396167,1.854817784150813,1.5787540405386613,0.4870338228638322,0,-0.9153114791194472,0.402746689858737,0.9749279121818236,-0.2225209339563143
2018-12-05 19:40:00,0.3503145067421782,0.3030861641237972,0.3291663799407137,-0.029319160988549,0.1459963720493445,1.0976508458652052,-0.0449890078255108,0.5069930301616818,2.1162074283491386,1.9087211530624253,2.003821804486676,-0.017308132177574,0,-0.9063077870366498,0.4226182617406996,0.9749279121818236,-0.2225209339563143
2018-12-05 19:45:00,0.2067887784597286,0.444254190680571,0.4410197902878104,0.574515815919722,0.1459963720493445,0.4147694282415908,0.0167823375730027,0.4266959348342887,2.200147558899488,1.692314980814338,1.6215398548529034,0.1267895692628282,0,-0.8968727415326884,0.442288690219001,0.9749279121818236,-0.2225209339563143
2018-12-05 19:50:00,0.3503145067421782,0.3971981818283242,0.4410197902878104,0.1719591646475412,0.1459963720493445,0.0245514753138209,-0.1067603532240684,0.4266959348342887,1.9211243471626769,1.6939003740176204,1.8391894320166569,0.0547407185426255,0,-0.887010833178222,0.4617486132350332,0.9749279121818236,-0.2225209339563143
2018-12-05 19:55:00,0.3981564161696728,0.1148621287147766,0.3291663799407137,0.1719591646475412,0.1459963720493445,0.0245514753138209,-0.2303030440210958,0.4266959348342887,1.666972285218562,1.5282267842745791,2.1033453290871957,0.34293612142343,0,-0.8767267557075075,0.4809887689193881,0.9749279121818236,-0.2225209339563143
2018-12-05 20:00:00,0.9722593292995224,0.4913101995328178,0.4410197902878104,0.3732374902836316,0.1459963720493445,0.5123239164735159,0.2020963737685875,0.5872901254891321,1.673967296097758,1.5488368959172547,2.0252147116437964,0.34293612142343,0,-0.8660254037844386,0.5000000000000001,0.9749279121818236,-0.2225209339563143
2018-12-05 20:05:00,0.8765755104445332,0.444254190680571,0.3291663799407137,0.2390519398595555,0.1459963720493445,0.6098784047054411,0.3256390645656148,0.7478843161439183,1.587695495254343,1.6019475682272248,2.09590431790211,0.1988384199830277,0,-0.8549118706729468,0.5187732581605211,0.9749279121818236,-0.2225209339563143
2018-12-05 20:10:00,0.685207872734589,0.3971981818283242,0.3291663799407137,0.3732374902836316,0.1459963720493445,0.5123239164735159,0.449181755362686,0.7478843161439183,1.419038010722621,1.3562116217184077,1.999171172495997,0.4870338228638322,0,-0.8433914458128857,0.5372996083468239,0.9749279121818236,-0.2225209339563143
2018-12-05 20:15:00,0.5416821444521225,0.1619181375670234,0.5528732006349868,0.3061447150716174,0.1459963720493445,0.5123239164735159,0.5109531007611996,0.9887756021261548,1.2573755370700956,1.0470599470782838,1.8159362720632644,0.6311315243042344,0,-0.8314696123025455,0.5555702330196018,0.9749279121818236,-0.2225209339563143
2018-12-05 20:20:00,0.7808916915895612,0.2089741464193036,0.5528732006349868,0.3732374902836316,0.1459963720493445,0.6098784047054411,0.449181755362686,0.8281814114713114,1.3677412642751854,1.148525112088376,1.5136451926691623,0.7752292257446367,0,-0.8191520442889918,0.573576436351046,0.9749279121818236,-0.2225209339563143
2018-12-05 20:25:00,1.211468876436944,0.2560301552715505,0.8884334316763568,0.7087013663437505,0.1459963720493445,0.3172149400095964,0.3256390645656148,0.9887756021261548,1.300122825776292,1.0565723062979804,1.2494892955986243,0.7031803750244372,0,-0.8064446042674829,0.591309648363582,0.9749279121818236,-0.2225209339563143
2018-12-05 20:30:00,1.4985203330018773,0.0678061198625298,0.4410197902878104,0.7757941415558124,0.1459963720493445,0.7074328929374355,0.449181755362686,1.0690726974535478,1.3156672943967274,1.086694777160351,1.1025293246931838,0.4149849721436327,0,-0.7933533402912357,0.6087614290087199,0.9749279121818236,-0.2225209339563143
2018-12-05 20:35:00,1.211468876436944,-0.0733619066942439,0.4410197902878104,0.9099796919798409,0.1459963720493445,0.9025418694012856,0.3256390645656148,1.3902610787631773,1.181207640829963,1.1017560125915364,0.9378969522231652,1.2075223300658433,0,-0.7798844830928816,0.6259234721840593,0.9749279121818236,-0.2225209339563143
2018-12-05 20:40:00,1.307152695291916,0.3030861641237972,0.6647266109820836,1.245443568040007,0.1459963720493445,0.8049873811693606,0.449181755362686,1.0690726974535478,0.9900106767986108,1.0430964640700773,1.086717175924877,0.8472780764648393,0,-0.7660444431189781,0.6427876096865393,0.9749279121818236,-0.2225209339563143
2018-12-05 20:45:00,1.020101238727,0.5383662083850981,0.8884334316763568,0.9099796919798409,0.1459963720493445,0.6098784047054411,0.5109531007611996,1.0690726974535478,1.1330197881066135,1.196086908186856,0.7695440741606038,0.7752292257446367,0,-0.7518398074789772,0.6593458151000691,0.9749279121818236,-0.2225209339563143
2018-12-05 20:50:00,1.0679431481544943,0.3030861641237972,1.0002868420234536,0.8428869167678266,0.1459963720493445,0.8049873811693606,0.7580384823552981,1.2296668881083912,1.3094495069485534,0.8908987165549391,0.6793218135414409,0.9913757779052416,0,-0.7372773368101242,0.6755902076156601,0.9749279121818236,-0.2225209339563143
2018-12-05 20:55:00,0.8287336010170556,0.3030861641237972,0.8884334316763568,0.7757941415558124,0.1459963720493445,0.9025418694012856,0.8815811731523693,1.309963983435784,0.9830156659194148,0.9130942214008968,0.759312683781111,0.7031803750244372,0,-0.7223639620597554,0.6915130557822695,0.9749279121818236,-0.2225209339563143
2018-12-05 21:00:00,0.9722593292995224,0.8677582703508925,0.7765800213291805,0.8428869167678266,0.1459963720493445,1.1952053340971305,1.005123863949397,1.2296668881083912,0.9488178349544568,1.038340284460229,0.7044352262911049,0.8472780764648393,0,-0.7071067811865477,0.7071067811865474,0.9749279121818236,-0.2225209339563143
2018-12-05 21:05:00,0.8765755104445332,0.961870288055386,0.8884334316763568,1.1783507928279455,0.1459963720493445,1.2927598223290555,1.005123863949397,1.6311523647454138,1.1213614366412878,1.1160245514210811,0.5584053817838003,0.5590826735840349,0,-0.6915130557822698,0.7223639620597551,0.9749279121818236,-0.2225209339563143
2018-12-05 21:10:00,0.9722593292995224,0.961870288055386,1.0002868420234536,1.6480002193121406,0.1459963720493445,1.1952053340971305,1.1286665547464678,1.2296668881083912,0.939491153782196,1.0470599470782838,0.4570216043870091,0.4149849721436327,0,-0.6755902076156598,0.7372773368101244,0.9749279121818236,-0.2225209339563143
2018-12-05 21:15:00,1.3549946047194106,1.1030383146121598,1.3358470730648235,1.7150929945242024,0.1459963720493445,1.3903143105610498,0.943352518550883,1.309963983435784,0.9216150148686952,1.1572447747064307,0.290528979120719,0.4870338228638322,0,-0.6593458151000687,0.7518398074789775,0.9749279121818236,-0.2225209339563143
2018-12-05 21:20:00,1.211468876436944,0.9148142792031392,1.223993662717647,1.849278544948231,0.1459963720493445,1.3903143105610498,1.0668952093479542,1.5508552694180209,0.6006217378567094,0.6729071511035695,0.4309780652392094,0.5590826735840349,0,-0.6427876096865396,0.7660444431189778,0.9749279121818236,-0.2225209339563143
2018-12-05 21:25:00,1.211468876436944,0.7265902437941186,1.223993662717647,1.3125363432520216,0.1459963720493445,1.6829777752568251,1.3139805909420526,1.5508552694180209,0.5485477679782516,0.4247931147898285,0.3974935149063244,0.2708872707032305,0,-0.625923472184059,0.7798844830928818,0.9749279121818236,-0.2225209339563143
2018-12-05 21:30:00,1.4985203330018773,1.338318358873427,1.4477004834119205,1.044165242403917,0.1459963720493445,2.0731957281845954,1.252209245543495,1.3902610787631773,0.6200523236322534,0.4366835638144486,0.5556150025893931,-0.1614058336179762,0,-0.608761429008721,0.7933533402912349,0.9749279121818236,-0.2225209339563143
2018-12-05 21:35:00,1.4506784235743826,1.1971503323166868,1.5595538937590172,0.6416085911317362,0.1459963720493445,2.0731957281845954,1.375751936340566,1.7114494600728638,0.6130573127530573,0.6808341171199824,0.4551613515907377,-0.017308132177574,0,-0.591309648363583,0.8064446042674821,0.9749279121818236,-0.2225209339563143
2018-12-05 21:40:00,1.2593107858644386,1.6677104208392215,1.5595538937590172,1.245443568040007,0.1459963720493445,1.9756412399526704,1.005123863949397,1.87204365072765,0.3659002616881381,0.775957709316944,0.2356515216307129,0.1267895692628282,0,-0.5735764363510465,0.8191520442889916,0.9749279121818236,-0.2225209339563143
2018-12-05 21:45:00,1.2593107858644386,1.385374367725707,1.4477004834119205,1.379629118464036,2.153422224457177,1.5854232870249003,1.1286665547464678,1.87204365072765,0.3099401746545716,0.5563807506622913,0.3370352990275039,0.1988384199830277,0,-0.555570233019603,0.8314696123025447,0.9749279121818236,-0.2225209339563143
2018-12-05 21:50:00,1.4028365141469052,1.573598403134728,1.671407304106114,1.5809074441001263,0.1459963720493445,1.3903143105610498,1.1286665547464678,1.87204365072765,0.3938803052049214,0.601564456955848,0.3249436558517399,0.34293612142343,0,-0.537299608346825,0.8433914458128849,0.9749279121818236,-0.2225209339563143
2018-12-05 21:55:00,1.5942041518568493,1.5265423942824814,1.4477004834119205,1.5809074441001263,0.1459963720493445,1.5854232870249003,1.375751936340566,1.87204365072765,0.5275627353406643,0.51991670698679,0.2356515216307129,0.2708872707032305,0,-0.5187732581605214,0.8549118706729466,0.9749279121818236,-0.2225209339563143
2018-12-05 22:00:00,1.2593107858644386,1.6206544119869748,1.7832607144532904,1.3125363432520216,0.1459963720493445,1.487868798792975,1.005123863949397,2.19323203203728,0.3386974416023764,0.504062774953963,0.2356515216307129,0.4149849721436327,0,-0.5000000000000004,0.8660254037844384,0.9749279121818236,-0.2225209339563143
2018-12-05 22:05:00,1.4985203330018773,1.338318358873427,1.7832607144532904,1.6480002193121406,0.1459963720493445,1.6829777752568251,1.252209245543495,2.19323203203728,0.3130490683786586,0.7799211923251504,0.2356515216307129,0.4149849721436327,0,-0.4809887689193877,0.8767267557075077,0.9749279121818236,-0.2225209339563143
2018-12-05 22:10:00,1.6420460612843268,1.385374367725707,1.7832607144532904,1.7150929945242024,2.153422224457177,1.7805322634888197,1.1286665547464678,2.2735291273647302,0.0138180474352814,0.538941425426182,0.2356515216307129,0.1988384199830277,0,-0.4617486132350336,0.8870108331782218,0.9749279121818236,-0.2225209339563143
2018-12-05 22:15:00,1.2593107858644386,1.9029904651005225,1.8951141248003875,1.5809074441001263,2.153422224457177,1.487868798792975,1.375751936340566,1.7917465554002572,0.1560499353122637,0.393877947325816,0.2356515216307129,0.7752292257446367,0,-0.4422886902190014,0.8968727415326883,0.9749279121818236,-0.2225209339563143
2018-12-05 22:20:00,1.3549946047194106,1.714766429691502,1.671407304106114,1.7150929945242024,2.153422224457177,1.1952053340971305,1.375751936340566,1.6311523647454138,0.270301779672462,0.1616178430449022,0.5342220954322721,0.9913757779052416,0,-0.4226182617407,0.9063077870366496,0.9749279121818236,-0.2225209339563143
2018-12-05 22:25:00,1.4985203330018773,1.6206544119869748,1.671407304106114,1.379629118464036,2.153422224457177,1.5854232870249003,1.4992946271376375,1.4705581740906275,0.2671928859483751,0.3304622191945087,0.3556378269902179,1.4236688822264485,0,-0.4027466898587366,0.9153114791194474,0.9749279121818236,-0.2225209339563143
2018-12-05 22:30:00,1.4028365141469052,1.338318358873427,1.8951141248003875,1.7150929945242024,2.153422224457177,1.7805322634888197,1.3139805909420526,1.7114494600728638,0.2555345344830488,0.1156414401497043,0.3733102285547962,1.63981543438705,0,-0.3826834323650895,0.9238795325112868,0.9749279121818236,-0.2225209339563143
2018-12-05 22:35:00,1.307152695291916,1.1971503323166868,2.342527766188854,1.849278544948231,2.153422224457177,1.7805322634888197,1.43752328173908,1.7917465554002572,0.2190050332250257,-0.0468613631867715,0.2644854399729195,1.4236688822264485,0,-0.3624380382837018,0.9320078692827984,0.9749279121818236,-0.2225209339563143
2018-12-05 22:40:00,1.4506784235743826,1.573598403134728,2.566234586883127,1.379629118464036,2.153422224457177,1.7805322634888197,1.622837317934665,1.87204365072765,0.2788512374137014,-0.000884960291573,0.2356515216307129,0.9913757779052416,0,-0.3420201433256686,0.9396926207859084,0.9749279121818236,-0.2225209339563143
2018-12-05 22:45:00,1.5463622424293548,1.9500464739527688,2.342527766188854,1.4467218936760975,0.1459963720493445,1.487868798792975,1.8081513541302496,1.9523407460550437,0.2322178315523958,-0.0389343971703579,0.2356515216307129,1.3516200315062457,0,-0.3214394653031618,0.9469301294951056,0.9749279121818236,-0.2225209339563143
2018-12-05 22:50:00,1.211468876436944,1.8088784473959956,2.454381176535951,1.5809074441001263,0.1459963720493445,1.7805322634888197,1.746380008731736,2.0326378413824937,0.2228911503801348,0.0490549256118312,0.2356515216307129,0.8472780764648393,0,-0.3007057995042738,0.9537169507482268,0.9749279121818236,-0.2225209339563143
2018-12-05 22:55:00,1.2593107858644386,1.714766429691502,2.1188209454946603,1.7150929945242024,0.1459963720493445,1.7805322634888197,1.8081513541302496,2.0326378413824937,0.0449069846761522,0.0300302071724393,0.2393720272232555,0.9193269271850388,0,-0.2798290140309924,0.9600498543859286,0.9749279121818236,-0.2225209339563143
2018-12-05 23:00:00,1.2593107858644386,1.855934456248276,2.006967535147484,1.782185769736217,2.153422224457177,1.6829777752568251,1.8699226995287632,1.7917465554002572,-0.0444737098913503,0.0244813309609499,0.2607649343803766,0.7031803750244372,0,-0.2588190451025215,0.965925826289068,0.9749279121818236,-0.2225209339563143
2018-12-05 23:05:00,1.1636269670094666,1.6677104208392215,2.006967535147484,1.4467218936760975,2.153422224457177,2.2683047046485147,1.8081513541302496,2.112934936709886,0.1296243386575236,-0.0325928243572273,0.2356515216307129,0.8472780764648393,0,-0.2376858923261743,0.9713420698132612,0.9749279121818236,-0.2225209339563143
2018-12-05 23:10:00,1.5463622424293548,1.714766429691502,1.8951141248003875,1.916371320160245,2.153422224457177,2.0731957281845954,1.6846086633331785,1.7917465554002572,0.1956883302943732,-0.060337205414674,0.2356515216307129,0.7752292257446367,0,-0.2164396139381028,0.9762960071199334,0.9749279121818236,-0.2225209339563143
2018-12-05 23:15:00,1.833413698994288,2.091214500509543,1.8951141248003875,1.849278544948231,2.153422224457177,1.9756412399526704,1.8699226995287632,1.9523407460550437,0.0519019955553478,0.1227757095644761,0.2356515216307129,0.9193269271850388,0,-0.1950903220161287,0.9807852804032304,0.9749279121818236,-0.2225209339563143
2018-12-05 23:20:00,1.5463622424293548,2.044158491657297,1.8951141248003875,1.916371320160245,2.153422224457177,1.7805322634888197,1.746380008731736,2.112934936709886,0.086099826520305,0.1528981804268474,0.2356515216307129,0.7752292257446367,0,-0.1736481776669304,0.984807753012208,0.9749279121818236,-0.2225209339563143
2018-12-05 23:25:00,1.5942041518568493,1.8088784473959956,1.7832607144532904,1.983464095372307,2.153422224457177,1.878086751720745,1.622837317934665,1.7917465554002572,0.1583816056053291,0.3352183988043564,0.3100616334815687,0.7752292257446367,0,-0.1521233861899172,0.9883615104677608,0.9749279121818236,-0.2225209339563143
2018-12-05 23:30:00,1.7855717895667935,1.855934456248276,1.8951141248003875,1.983464095372307,2.153422224457177,2.0731957281845954,1.746380008731736,1.4705581740906275,0.2089011286217432,0.1711302022645981,0.3500570686014038,0.8472780764648393,0,-0.1305261922200516,0.9914448613738104,0.9749279121818236,-0.2225209339563143
2018-12-05 23:35:00,1.9769394272767375,2.138270509361789,1.7832607144532904,1.849278544948231,2.153422224457177,1.7805322634888197,1.4992946271376375,1.2296668881083912,0.2112327989148086,-0.2727798946545541,0.2356515216307129,0.9913757779052416,0,-0.1088668748519651,0.9940563382223196,0.9749279121818236,-0.2225209339563143
2018-12-05 23:40:00,2.120465155559204,2.138270509361789,1.5595538937590172,1.6480002193121406,2.153422224457177,1.5854232870249003,1.43752328173908,1.309963983435784,0.3177124089647893,-0.3488787684121233,0.2356515216307129,0.7031803750244372,0,-0.0871557427476574,0.9961946980917455,0.9749279121818236,-0.2225209339563143
2018-12-05 23:45:00,1.9769394272767375,1.9029904651005225,1.8951141248003875,1.6480002193121406,2.153422224457177,1.5854232870249003,1.375751936340566,1.4705581740906275,0.2617523219312228,-0.0088119263079866,0.2356515216307129,0.7031803750244372,0,-0.0654031292301428,0.9978589232386036,0.9749279121818236,-0.2225209339563143
2018-12-05 23:50:00,1.9769394272767375,1.9500464739527688,1.671407304106114,1.513814668888112,2.153422224457177,1.6829777752568251,1.252209245543495,1.149369792780998,0.2112327989148086,0.1513127872235645,0.2356515216307129,0.34293612142343,0,-0.0436193873653361,0.9990482215818578,0.9749279121818236,-0.2225209339563143
2018-12-05 23:55:00,2.168307064986699,1.8088784473959956,1.7832607144532904,1.4467218936760975,2.153422224457177,1.6829777752568251,1.375751936340566,1.2296668881083912,0.2990590466202669,0.4041830031471537,0.2356515216307129,0.2708872707032305,0,-0.0218148850345609,0.9997620270799092,0.9749279121818236,-0.2225209339563143
2018-12-06 00:00:00,1.9769394272767375,1.573598403134728,1.8951141248003875,1.513814668888112,2.153422224457177,1.7805322634888197,1.4992946271376375,1.309963983435784,0.2019061177425472,0.5524172676540848,0.2356515216307129,0.4870338228638322,0,0.0,1.0,0.4338837391175582,-0.900968867902419
2018-12-06 00:05:00,1.7855717895667935,1.6677104208392215,1.7832607144532904,1.6480002193121406,2.153422224457177,1.7805322634888197,2.178779426521419,1.4705581740906275,0.2314406081213741,0.5262582797999207,0.2356515216307129,0.4870338228638322,0,0.0218148850345611,0.9997620270799092,0.4338837391175582,-0.900968867902419
2018-12-06 00:10:00,2.0247813367042324,1.714766429691502,1.8951141248003875,1.6480002193121406,2.153422224457177,1.5854232870249003,1.9934653903258344,1.5508552694180209,0.227554490966265,0.6213818719968816,0.2356515216307129,0.6311315243042344,0,0.043619387365336,0.9990482215818578,0.4338837391175582,-0.900968867902419
2018-12-06 00:15:00,1.7855717895667935,1.5265423942824814,1.671407304106114,1.782185769736217,2.153422224457177,2.2683047046485147,2.178779426521419,1.87204365072765,0.0674464641757831,0.6158329957853922,0.2356515216307129,1.1354734793456438,0,0.065403129230143,0.9978589232386036,0.4338837391175582,-0.900968867902419
2018-12-06 00:20:00,1.4506784235743826,1.385374367725707,1.5595538937590172,1.245443568040007,2.153422224457177,1.9756412399526704,1.9316940449272768,1.87204365072765,0.1824755319670031,0.538941425426182,0.2356515216307129,1.5677665836668473,0,0.0871557427476581,0.9961946980917455,0.4338837391175582,-0.900968867902419
2018-12-06 00:25:00,1.6420460612843268,1.6677104208392215,1.671407304106114,1.6480002193121406,2.153422224457177,1.5854232870249003,1.8699226995287632,2.0326378413824937,0.3557963570848557,0.2733880638763315,0.2356515216307129,1.1354734793456438,0,0.1088668748519645,0.9940563382223196,0.4338837391175582,-0.900968867902419
2018-12-06 00:30:00,1.833413698994288,1.573598403134728,1.7832607144532904,1.5809074441001263,2.153422224457177,1.487868798792975,1.8699226995287632,1.6311523647454138,-0.1711611291478967,0.4636352482702545,0.2356515216307129,1.855961986547652,0,0.1305261922200515,0.9914448613738104,0.4338837391175582,-0.900968867902419
2018-12-06 00:35:00,2.120465155559204,1.8088784473959956,2.1188209454946603,1.3125363432520216,2.153422224457177,1.5854232870249003,1.8699226995287632,1.9523407460550437,-0.0172708898055886,0.4121099691635667,0.2356515216307129,1.7118642851072496,0,0.1521233861899167,0.9883615104677608,0.4338837391175582,-0.900968867902419
2018-12-06 00:40:00,2.168307064986699,1.855934456248276,2.454381176535951,1.6480002193121406,2.153422224457177,1.878086751720745,1.746380008731736,2.0326378413824937,-0.0374786990121542,0.3375964886092805,0.2356515216307129,1.279571180786046,0,0.1736481776669303,0.984807753012208,0.4338837391175582,-0.900968867902419
2018-12-06 00:45:00,2.2161489744141765,1.2442063411689337,2.230674355841757,1.4467218936760975,2.153422224457177,2.0731957281845954,1.622837317934665,2.2735291273647302,0.2003516708805039,0.2646684012582767,0.2356515216307129,1.5677665836668473,0,0.1950903220161282,0.9807852804032304,0.4338837391175582,-0.900968867902419
2018-12-06 00:50:00,1.92909751784926,1.573598403134728,2.006967535147484,1.245443568040007,2.153422224457177,2.0731957281845954,1.4992946271376375,2.0326378413824937,0.1039759654338057,0.1544835736301298,0.2356515216307129,1.5677665836668473,0,0.2164396139381028,0.9762960071199334,0.4338837391175582,-0.900968867902419
2018-12-06 00:55:00,1.9769394272767375,1.855934456248276,1.7832607144532904,1.4467218936760975,2.153422224457177,2.0731957281845954,1.561065972536151,2.353826222692123,0.1692627336396331,0.2099723357450241,0.2356515216307129,1.3516200315062457,0,0.237685892326173,0.9713420698132614,0.4338837391175582,-0.900968867902419
2018-12-06 01:00:00,2.07262324613171,2.1853265182140698,2.1188209454946603,1.245443568040007,2.153422224457177,1.7805322634888197,1.746380008731736,2.19323203203728,-0.0351470287190889,0.1338734619874551,0.2356515216307129,1.3516200315062457,0,0.2588190451025207,0.9659258262890684,0.4338837391175582,-0.900968867902419
2018-12-06 01:05:00,1.881255608421765,2.044158491657297,1.7832607144532904,1.513814668888112,2.153422224457177,1.878086751720745,1.8081513541302496,2.353826222692123,-0.1742700228719835,0.0054566125215574,0.2356515216307129,1.279571180786046,0,0.279829014030992,0.9600498543859288,0.4338837391175582,-0.900968867902419
2018-12-06 01:10:00,1.881255608421765,1.855934456248276,1.7832607144532904,1.7150929945242024,2.153422224457177,1.878086751720745,1.746380008731736,2.112934936709886,-0.462619915781056,0.3312549157961499,0.2356515216307129,1.4236688822264485,0,0.3007057995042732,0.9537169507482268,0.4338837391175582,-0.900968867902419
2018-12-06 01:15:00,2.120465155559204,1.573598403134728,1.671407304106114,1.7150929945242024,2.153422224457177,1.7805322634888197,1.8081513541302496,2.353826222692123,-0.1338544044588525,0.2987543551288545,0.2356515216307129,1.0634246286254412,0,0.3214394653031616,0.9469301294951056,0.4338837391175582,-0.900968867902419
2018-12-06 01:20:00,2.2161489744141765,1.4324303765779542,1.671407304106114,1.513814668888112,2.153422224457177,1.7805322634888197,1.746380008731736,2.2735291273647302,0.0402436440900215,0.2178993017614376,0.2356515216307129,1.4236688822264485,0,0.3420201433256687,0.9396926207859084,0.4338837391175582,-0.900968867902419
2018-12-06 01:25:00,2.359674702696643,1.855934456248276,1.5595538937590172,1.5809074441001263,2.153422224457177,2.0731957281845954,1.746380008731736,2.19323203203728,0.1964655537253948,0.159239753239978,0.2356515216307129,1.63981543438705,0,0.3624380382837016,0.9320078692827986,0.4338837391175582,-0.900968867902419
2018-12-06 01:30:00,2.120465155559204,2.4206065624753377,1.3358470730648235,1.3125363432520216,2.153422224457177,1.878086751720745,1.9316940449272768,1.87204365072765,0.2617523219312228,0.1402150348005857,0.2356515216307129,2.0000596879880543,0,0.3826834323650898,0.9238795325112868,0.4338837391175582,-0.900968867902419
2018-12-06 01:35:00,2.359674702696643,2.3735505536230908,1.671407304106114,1.3125363432520216,2.153422224457177,1.6829777752568251,1.561065972536151,2.112934936709886,0.0029369194009774,0.4025976099438708,0.2356515216307129,1.7118642851072496,0,0.4027466898587372,0.9153114791194472,0.4338837391175582,-0.900968867902419
2018-12-06 01:40:00,2.07262324613171,2.514718580179831,1.8951141248003875,1.3125363432520216,2.153422224457177,1.5854232870249003,1.4992946271376375,2.0326378413824937,0.1055304122958489,0.3138155905600405,0.3054110014908902,1.855961986547652,0,0.4226182617406994,0.90630778703665,0.4338837391175582,-0.900968867902419
2018-12-06 01:45:00,1.737729880139299,2.4206065624753377,2.230674355841757,1.513814668888112,2.153422224457177,1.6829777752568251,1.252209245543495,2.0326378413824937,0.0713325813308917,0.4509521026439927,0.3370352990275039,1.2075223300658433,0,0.4422886902190012,0.8968727415326884,0.4338837391175582,-0.900968867902419
2018-12-06 01:50:00,1.737729880139299,2.3264945447708105,2.006967535147484,1.7150929945242024,2.153422224457177,2.0731957281845954,1.1286665547464678,2.0326378413824937,-0.1097604780971779,0.3455234546256941,0.2356515216307129,1.3516200315062457,0,0.4617486132350339,0.8870108331782217,0.4338837391175582,-0.900968867902419
2018-12-06 01:55:00,1.7855717895667935,2.232382527066317,1.671407304106114,1.7150929945242024,2.153422224457177,2.0731957281845954,1.252209245543495,1.7917465554002572,0.1879160959841554,0.2020453697286106,0.2356515216307129,1.63981543438705,0,0.4809887689193876,0.8767267557075077,0.4338837391175582,-0.900968867902419
2018-12-06 02:00:00,1.6420460612843268,2.6558866067366047,1.4477004834119205,1.5809074441001263,2.153422224457177,2.36585919288044,1.3139805909420526,1.6311523647454138,0.1358421261056975,0.046676835806907,0.3072712542871616,1.5677665836668473,0,0.4999999999999999,0.8660254037844387,0.4338837391175582,-0.900968867902419
2018-12-06 02:05:00,1.7855717895667935,2.514718580179831,1.671407304106114,1.513814668888112,2.153422224457177,2.463413681112434,1.561065972536151,1.4705581740906275,0.2089011286217432,0.0490549256118312,0.2356515216307129,1.63981543438705,0,0.5187732581605214,0.8549118706729466,0.4338837391175582,-0.900968867902419
2018-12-06 02:10:00,2.3118327932691485,2.5617745890321117,1.3358470730648235,1.6480002193121406,2.153422224457177,2.170750216416589,1.8699226995287632,1.87204365072765,0.063560347020674,-0.1300945063591123,0.3082013806852973,1.63981543438705,0,0.5372996083468238,0.8433914458128857,0.4338837391175582,-0.900968867902419
2018-12-06 02:15:00,2.2639908838416707,2.4206065624753377,1.5595538937590172,1.6480002193121406,2.153422224457177,2.0731957281845954,1.9316940449272768,1.5508552694180209,-0.0359242521501106,0.0086273989281228,0.2356515216307129,1.3516200315062457,0,0.5555702330196022,0.8314696123025452,0.4338837391175582,-0.900968867902419
2018-12-06 02:20:00,2.3118327932691485,2.232382527066317,1.5595538937590172,1.916371320160245,2.153422224457177,1.9756412399526704,2.178779426521419,1.87204365072765,-0.1330771810278304,-0.0349709141621508,0.2356515216307129,1.4236688822264485,0,0.5735764363510462,0.8191520442889918,0.4338837391175582,-0.900968867902419
2018-12-06 02:25:00,2.3118327932691485,1.997102482805016,1.4477004834119205,2.0505568705843213,2.153422224457177,2.0731957281845954,1.746380008731736,1.7917465554002572,-0.2823040797840082,0.4255858113914696,0.2356515216307129,1.5677665836668473,0,0.5913096483635824,0.8064446042674827,0.4338837391175582,-0.900968867902419
2018-12-06 02:30:00,2.07262324613171,1.8088784473959956,1.7832607144532904,1.7150929945242024,2.153422224457177,1.7805322634888197,1.8081513541302496,2.353826222692123,-0.032038134995002,0.2821077264943867,0.2356515216307129,1.855961986547652,0,0.6087614290087207,0.7933533402912352,0.4338837391175582,-0.900968867902419
2018-12-06 02:35:00,1.7855717895667935,1.855934456248276,1.8951141248003875,1.782185769736217,2.153422224457177,1.7805322634888197,1.8081513541302496,2.19323203203728,0.0643375704516961,0.4121099691635667,0.2356515216307129,1.9280108372678544,0,0.6259234721840591,0.7798844830928818,0.4338837391175582,-0.900968867902419
2018-12-06 02:40:00,1.7855717895667935,1.6677104208392215,1.671407304106114,1.7150929945242024,2.153422224457177,1.7805322634888197,1.8699226995287632,1.87204365072765,0.0208130583144775,0.2020453697286106,0.2356515216307129,1.7118642851072496,0,0.6427876096865393,0.766044443118978,0.4338837391175582,-0.900968867902419
2018-12-06 02:45:00,1.833413698994288,1.6206544119869748,1.5595538937590172,1.6480002193121406,2.153422224457177,1.6829777752568251,2.117008081122861,1.9523407460550437,0.1529410415881767,0.013383578537971,0.2356515216307129,1.5677665836668473,0,0.6593458151000688,0.7518398074789774,0.4338837391175582,-0.900968867902419
2018-12-06 02:50:00,2.07262324613171,1.9029904651005225,2.230674355841757,1.513814668888112,2.153422224457177,1.6829777752568251,1.9316940449272768,1.87204365072765,0.0884314968133703,0.1037509911250843,0.2356515216307129,1.855961986547652,0,0.6755902076156602,0.7372773368101241,0.4338837391175582,-0.900968867902419
2018-12-06 02:55:00,1.881255608421765,2.091214500509543,2.1188209454946603,1.6480002193121406,2.153422224457177,1.7805322634888197,1.746380008731736,1.7917465554002572,-0.0934387860457208,0.0942386319053878,0.2356515216307129,2.1441573894284565,0,0.6915130557822694,0.7223639620597556,0.4338837391175582,-0.900968867902419
2018-12-06 03:00:00,1.881255608421765,1.9500464739527688,2.1188209454946603,2.0505568705843213,2.153422224457177,1.6829777752568251,1.746380008731736,1.7917465554002572,-0.2325617801986155,-0.0333855209588684,0.2356515216307129,2.0000596879880543,0,0.7071067811865476,0.7071067811865476,0.4338837391175582,-0.900968867902419
2018-12-06 03:05:00,1.881255608421765,1.714766429691502,1.7832607144532904,2.117649645796336,2.153422224457177,1.878086751720745,1.8081513541302496,1.5508552694180209,0.0130408240042598,-0.2157057393363775,0.2356515216307129,1.4236688822264485,0,0.7223639620597555,0.6915130557822694,0.4338837391175582,-0.900968867902419
2018-12-06 03:10:00,1.833413698994288,2.138270509361789,1.8951141248003875,1.849278544948231,2.153422224457177,1.9756412399526704,1.9316940449272768,1.7917465554002572,0.2493167470348744,-0.1514973146034288,0.2356515216307129,1.1354734793456438,0,0.737277336810124,0.6755902076156602,0.4338837391175582,-0.900968867902419
2018-12-06 03:15:00,1.92909751784926,2.138270509361789,2.006967535147484,2.184742421008397,2.153422224457177,1.7805322634888197,1.8699226995287632,1.5508552694180209,0.1661538399155462,-0.1966810208969855,0.2356515216307129,1.7839131358274525,0,0.7518398074789774,0.6593458151000688,0.4338837391175582,-0.900968867902419
2018-12-06 03:20:00,1.9769394272767375,2.091214500509543,1.671407304106114,2.2518351962204117,2.153422224457177,1.487868798792975,2.117008081122861,1.3902610787631773,0.2874006951549407,0.1481420008169992,0.2356515216307129,2.0721085387082567,0,0.766044443118978,0.6427876096865394,0.4338837391175582,-0.900968867902419
2018-12-06 03:25:00,2.2161489744141765,1.8088784473959956,1.671407304106114,2.117649645796336,2.153422224457177,1.5854232870249003,2.240550771919933,1.7114494600728638,0.2446534064487442,0.1053363843283666,0.2356515216307129,2.216206240148659,0,0.7798844830928817,0.6259234721840591,0.4338837391175582,-0.900968867902419
2018-12-06 03:30:00,2.120465155559204,1.6677104208392215,1.7832607144532904,2.0505568705843213,2.153422224457177,1.878086751720745,2.487636153514031,1.7114494600728638,0.1933566600013079,-0.2236327053527911,0.2356515216307129,2.360303941589061,0,0.7933533402912352,0.6087614290087207,0.4338837391175582,-0.900968867902419
2018-12-06 03:35:00,1.6420460612843268,1.855934456248276,2.006967535147484,1.916371320160245,2.153422224457177,1.878086751720745,1.9316940449272768,1.5508552694180209,0.1436143604159152,-0.1649731568313313,0.2356515216307129,1.855961986547652,0,0.8064446042674825,0.5913096483635825,0.4338837391175582,-0.900968867902419
2018-12-06 03:40:00,1.4985203330018773,1.9500464739527688,1.8951141248003875,1.782185769736217,2.153422224457177,1.7805322634888197,1.6846086633331785,1.5508552694180209,0.0853226030892834,-0.1610096738231248,0.2356515216307129,1.5677665836668473,0,0.8191520442889917,0.5735764363510462,0.4338837391175582,-0.900968867902419
2018-12-06 03:45:00,1.4985203330018773,2.1853265182140698,1.7832607144532904,1.983464095372307,0.1459963720493445,2.170750216416589,1.8081513541302496,1.87204365072765,0.4381820407731617,0.0815554862791265,0.2356515216307129,1.7839131358274525,0,0.8314696123025451,0.5555702330196024,0.4338837391175582,-0.900968867902419
2018-12-06 03:50:00,1.115785057581972,2.044158491657297,1.7832607144532904,1.7150929945242024,2.153422224457177,1.878086751720745,2.055236735724348,2.0326378413824937,0.5485477679782516,0.2638757046566355,0.2356515216307129,1.4957177329466478,0,0.8433914458128856,0.5372996083468239,0.4338837391175582,-0.900968867902419
2018-12-06 03:55:00,1.115785057581972,1.6206544119869748,2.230674355841757,1.782185769736217,2.153422224457177,1.878086751720745,1.4992946271376375,1.7917465554002572,0.732749721130408,-0.11106978791972,0.2356515216307129,1.4957177329466478,0,0.8549118706729466,0.5187732581605216,0.4338837391175582,-0.900968867902419
2018-12-06 04:00:00,1.4985203330018773,1.5265423942824814,2.230674355841757,1.6480002193121406,2.153422224457177,1.878086751720745,1.746380008731736,1.87204365072765,0.643369026562906,0.1259464959710414,0.2356515216307129,1.4236688822264485,0,0.8660254037844386,0.5000000000000001,0.4338837391175582,-0.900968867902419
2018-12-06 04:05:00,1.2593107858644386,1.6206544119869748,1.671407304106114,1.6480002193121406,2.153422224457177,1.5854232870249003,1.746380008731736,2.353826222692123,0.5625377897366431,0.2551560420385808,0.2356515216307129,1.63981543438705,0,0.8767267557075077,0.4809887689193877,0.4338837391175582,-0.900968867902419
2018-12-06 04:10:00,1.5463622424293548,1.6677104208392215,1.7832607144532904,1.6480002193121406,2.153422224457177,1.7805322634888197,2.055236735724348,1.9523407460550437,0.388439741187769,0.420829631781622,0.2356515216307129,2.0721085387082567,0,0.8870108331782217,0.4617486132350338,0.4338837391175582,-0.900968867902419
2018-12-06 04:15:00,1.3549946047194106,2.044158491657297,1.5595538937590172,1.782185769736217,2.153422224457177,1.5854232870249003,2.4258648081155174,1.7114494600728638,0.4739343186001626,0.2614976148517114,0.2356515216307129,2.360303941589061,0,0.8968727415326884,0.4422886902190012,0.4338837391175582,-0.900968867902419
2018-12-06 04:20:00,1.4506784235743826,1.8088784473959956,1.4477004834119205,1.849278544948231,2.153422224457177,1.3903143105610498,1.9316940449272768,1.3902610787631773,0.1311787855195674,0.3272914327879433,0.2356515216307129,1.9280108372678544,0,0.9063077870366498,0.4226182617406996,0.4338837391175582,-0.900968867902419
2018-12-06 04:25:00,1.5463622424293548,1.9029904651005225,1.7832607144532904,1.983464095372307,2.153422224457177,1.6829777752568251,2.117008081122861,1.4705581740906275,0.1941338834323295,0.0966167217103119,0.262625187176648,2.4323527923092607,0,0.9153114791194472,0.4027466898587372,0.4338837391175582,-0.900968867902419
2018-12-06 04:30:00,1.6420460612843268,1.9500464739527688,1.671407304106114,1.5809074441001263,0.1459963720493445,1.878086751720745,1.8081513541302496,1.6311523647454138,0.2671928859483751,0.1386296415973033,0.2356515216307129,2.6484993444698657,0,0.9238795325112868,0.3826834323650898,0.4338837391175582,-0.900968867902419
2018-12-06 04:35:00,1.3549946047194106,1.9500464739527688,1.7832607144532904,1.7150929945242024,0.1459963720493445,1.9756412399526704,1.8081513541302496,1.6311523647454138,0.188693319415177,0.1925330105089147,0.2356515216307129,2.4323527923092607,0,0.9320078692827984,0.3624380382837017,0.4338837391175582,-0.900968867902419
2018-12-06 04:40:00,1.6420460612843268,1.9500464739527688,1.8951141248003875,1.983464095372307,0.1459963720493445,2.170750216416589,1.8699226995287632,1.6311523647454138,0.1630449461914592,0.0181397581478187,0.2356515216307129,2.1441573894284565,0,0.9396926207859084,0.3420201433256686,0.4338837391175582,-0.900968867902419
2018-12-06 04:45:00,1.5463622424293548,1.8088784473959956,1.7832607144532904,1.916371320160245,2.153422224457177,1.9756412399526704,1.6846086633331785,1.7917465554002572,0.0814364859341748,0.333633005601074,0.2356515216307129,2.1441573894284565,0,0.9469301294951056,0.3214394653031617,0.4338837391175582,-0.900968867902419
2018-12-06 04:50:00,1.3549946047194106,1.7618224385437486,1.5595538937590172,1.6480002193121406,0.1459963720493445,1.878086751720745,1.8699226995287632,1.7917465554002572,0.1910249897082424,0.2686318842664837,0.2356515216307129,2.360303941589061,0,0.9537169507482268,0.3007057995042733,0.4338837391175582,-0.900968867902419
2018-12-06 04:55:00,1.4985203330018773,1.5265423942824814,1.4477004834119205,1.849278544948231,2.153422224457177,1.9756412399526704,1.8081513541302496,1.6311523647454138,0.279628460844723,0.5777835589066079,0.2356515216307129,2.1441573894284565,0,0.9600498543859288,0.279829014030992,0.4338837391175582,-0.900968867902419
2018-12-06 05:00:00,1.4985203330018773,1.4324303765779542,1.671407304106114,1.5809074441001263,2.153422224457177,2.0731957281845954,1.8081513541302496,1.87204365072765,0.2858462482928969,0.4366835638144486,0.2356515216307129,1.7839131358274525,0,0.9659258262890684,0.2588190451025207,0.4338837391175582,-0.900968867902419
2018-12-06 05:05:00,1.3549946047194106,1.4794863854302012,1.4477004834119205,1.513814668888112,2.153422224457177,2.2683047046485147,1.622837317934665,1.87204365072765,0.2990590466202669,0.5944301875410762,0.2356515216307129,1.5677665836668473,0,0.9713420698132614,0.2376858923261731,0.4338837391175582,-0.900968867902419
2018-12-06 05:10:00,1.307152695291916,1.4794863854302012,1.223993662717647,1.3125363432520216,0.1459963720493445,2.170750216416589,1.561065972536151,1.87204365072765,0.7195369228030386,0.7743723161136615,0.2356515216307129,1.4236688822264485,0,0.9762960071199334,0.2164396139381029,0.4338837391175582,-0.900968867902419
2018-12-06 05:15:00,0.7330497821620836,1.385374367725707,0.7765800213291805,1.1112580176159312,0.1459963720493445,1.9756412399526704,1.622837317934665,1.7917465554002572,0.9837928893504364,0.541319515231106,0.2356515216307129,1.2075223300658433,0,0.9807852804032304,0.1950903220161283,0.4338837391175582,-0.900968867902419
2018-12-06 05:20:00,0.8765755104445332,0.8207022614986123,0.8884334316763568,1.513814668888112,0.1459963720493445,1.487868798792975,1.43752328173908,1.7114494600728638,0.6969974433034076,0.3819874983011959,0.2356515216307129,1.4957177329466478,0,0.984807753012208,0.1736481776669304,0.4338837391175582,-0.900968867902419
2018-12-06 05:25:00,0.9244174198720276,0.961870288055386,0.6647266109820836,1.513814668888112,0.1459963720493445,1.3903143105610498,1.1286665547464678,1.7114494600728638,0.5539883319954038,0.4675987312784611,0.2356515216307129,1.279571180786046,0,0.9883615104677608,0.1521233861899168,0.4338837391175582,-0.900968867902419
2018-12-06 05:30:00,0.9244174198720276,0.7736462526463654,0.6647266109820836,1.379629118464036,0.1459963720493445,1.2927598223290555,1.1904379001449814,1.87204365072765,0.6254928876494057,0.8044947869760323,0.2356515216307129,1.3516200315062457,0,0.9914448613738104,0.1305261922200517,0.4338837391175582,-0.900968867902419
2018-12-06 05:35:00,0.8287336010170556,0.961870288055386,0.7765800213291805,0.9099796919798409,0.1459963720493445,1.0976508458652052,1.375751936340566,1.5508552694180209,0.8609915872489986,0.9376678160517786,0.2356515216307129,1.2075223300658433,0,0.9940563382223196,0.1088668748519647,0.4338837391175582,-0.900968867902419
2018-12-06 05:40:00,1.020101238727,1.2442063411689337,0.7765800213291805,0.9099796919798409,0.1459963720493445,1.0976508458652052,1.1904379001449814,1.3902610787631773,0.9938967939537194,1.062913879111111,0.4244671804522596,1.5677665836668473,0,0.9961946980917455,0.0871557427476581,0.4338837391175582,-0.900968867902419
2018-12-06 05:45:00,1.115785057581972,1.7618224385437486,0.6647266109820836,0.7757941415558124,0.1459963720493445,1.3903143105610498,1.1286665547464678,1.149369792780998,1.1058169680208525,0.7688234399021716,0.7044352262911049,2.0721085387082567,0,0.9978589232386036,0.0654031292301432,0.4338837391175582,-0.900968867902419
2018-12-06 05:50:00,1.115785057581972,1.338318358873427,0.6647266109820836,0.7087013663437505,0.1459963720493445,1.000096357633211,1.1286665547464678,0.8281814114713114,1.0296490717807198,1.330052633864243,0.8923207587145159,1.4236688822264485,0,0.9990482215818578,0.043619387365336,0.4338837391175582,-0.900968867902419
2018-12-06 05:55:00,0.8287336010170556,1.4324303765779542,0.6647266109820836,1.1112580176159312,0.1459963720493445,0.8049873811693606,1.0668952093479542,1.149369792780998,1.255821090208051,1.1501105052916585,0.8690675987611235,1.7839131358274525,0,0.9997620270799092,0.0218148850345609,0.4338837391175582,-0.900968867902419
2018-12-06 06:00:00,0.685207872734589,1.2912623500211804,0.7765800213291805,1.245443568040007,0.1459963720493445,0.5123239164735159,1.005123863949397,1.149369792780998,1.077836924504069,1.2166970198295315,0.932316193834351,2.0721085387082567,0,1.0,6.123233995736766e-17,0.4338837391175582,-0.900968867902419
2018-12-06 06:05:00,0.1589468690322341,1.1500943234644063,1.1121402523705504,1.245443568040007,0.1459963720493445,0.8049873811693606,1.1286665547464678,0.7478843161439183,1.2192915889500286,1.2428560076836956,1.1397343806186118,2.1441573894284565,0,0.9997620270799092,-0.0218148850345608,0.4338837391175582,-0.900968867902419
2018-12-06 06:10:00,0.3981564161696728,0.961870288055386,0.7765800213291805,0.9770724671919028,0.1459963720493445,0.6098784047054411,1.005123863949397,0.7478843161439183,1.265924994811335,1.544873412909048,1.4513267239940708,2.1441573894284565,0,0.9990482215818578,-0.0436193873653358,0.4338837391175582,-0.900968867902419
2018-12-06 06:15:00,0.685207872734589,1.0089262969076662,0.7765800213291805,1.044165242403917,0.1459963720493445,0.4147694282415908,0.8815811731523693,0.8281814114713114,1.349865125361685,1.231758255260717,1.5815444197330686,2.360303941589061,0,0.9978589232386036,-0.0654031292301431,0.4338837391175582,-0.900968867902419
2018-12-06 06:20:00,0.2546306878872062,0.4913101995328178,0.7765800213291805,1.044165242403917,0.1459963720493445,0.0245514753138209,0.3874104099641284,0.8281814114713114,1.1609998316233967,1.4663964493465542,1.4587677351791564,1.9280108372678544,0,0.9961946980917455,-0.087155742747658,0.4338837391175582,-0.900968867902419
2018-12-06 06:25:00,0.4938402350246449,0.5383662083850981,0.6647266109820836,0.7087013663437505,0.1459963720493445,-0.1705575011500986,0.2638677191671011,0.7478843161439183,1.2433855153117033,1.521092514859808,1.6345616244268033,2.4323527923092607,0,0.9940563382223196,-0.1088668748519646,0.4338837391175582,-0.900968867902419
2018-12-06 06:30:00,0.685207872734589,0.4913101995328178,0.6647266109820836,0.6416085911317362,0.1459963720493445,0.3172149400095964,0.2020963737685875,0.3463988395068956,1.4027163186711635,1.6526801507322708,1.9191803022563272,2.2882550908688586,0,0.9914448613738104,-0.1305261922200516,0.4338837391175582,-0.900968867902419
2018-12-06 06:35:00,0.3981564161696728,0.5854222172373449,0.4410197902878104,0.6416085911317362,0.1459963720493445,0.2196604517776712,-0.1067603532240684,0.4266959348342887,1.255821090208051,1.662985206553608,1.7991939968968218,1.4957177329466478,0,0.9883615104677608,-0.1521233861899167,0.4338837391175582,-0.900968867902419
2018-12-06 06:40:00,0.8287336010170556,0.2089741464193036,0.5528732006349868,0.6416085911317362,0.1459963720493445,0.3172149400095964,-0.168531698622582,0.3463988395068956,1.2744744525525742,1.8484762113376827,1.57038290295544,1.3516200315062457,0,0.984807753012208,-0.1736481776669303,0.4338837391175582,-0.900968867902419
2018-12-06 06:45:00,0.4459983255971503,0.4913101995328178,0.5528732006349868,0.6416085911317362,0.1459963720493445,-0.0730030129181733,0.2020963737685875,0.5069930301616818,1.617229985633169,2.096590247651423,1.907088659080563,1.7839131358274525,0,0.9807852804032304,-0.1950903220161282,0.4338837391175582,-0.900968867902419
2018-12-06 06:50:00,0.2546306878872062,0.3030861641237972,0.3291663799407137,0.5074230407077078,0.1459963720493445,-0.3656664776140181,0.2020963737685875,0.6675872208165252,1.58225493123719,2.0926267646432164,2.1786855673361867,2.360303941589061,0,0.9762960071199334,-0.2164396139381028,0.4338837391175582,-0.900968867902419
2018-12-06 06:55:00,0.1111049596047395,0.2560301552715505,-0.0063938511006562,0.104866389435527,0.1459963720493445,-0.1705575011500986,-0.168531698622582,0.5872901254891321,1.7672341078203693,1.9990885656495387,2.359130088574513,2.504401643029464,0,0.9713420698132614,-0.2376858923261731,0.4338837391175582,-0.900968867902419
2018-12-06 07:00:00,0.1589468690322341,0.0678061198625298,-0.3419540821420261,-0.0964119362005633,0.1459963720493445,-0.6583299423097935,0.14032502837003,0.2661017441795025,1.9786388810582876,2.1647621553925784,2.1461311434014374,2.0000596879880543,0,0.9659258262890684,-0.2588190451025206,0.4338837391175582,-0.900968867902419
2018-12-06 07:05:00,-0.0802626781052044,0.3501421729760774,-0.2301006717948499,-0.1635047114125776,0.1459963720493445,-0.4632209658459432,0.2638677191671011,0.1858046488520522,2.316731073552752,2.2915936116551947,2.4177280516570616,2.576450493749663,0,0.9600498543859288,-0.2798290140309919,0.4338837391175582,-0.900968867902419
2018-12-06 07:10:00,-0.2237884063876543,0.1619181375670234,-0.0063938511006562,-0.0964119362005633,0.1459963720493445,-0.4632209658459432,0.5109531007611996,0.1055075535246591,2.4838341112224303,2.4445840557719736,2.393544765305533,2.360303941589061,0,0.9537169507482268,-0.3007057995042729,0.4338837391175582,-0.900968867902419
2018-12-06 07:15:00,-0.462997953525093,0.3501421729760774,0.2173129695936169,0.104866389435527,0.1459963720493445,-0.1705575011500986,0.449181755362686,-0.1353837324575773,2.427874024188864,2.3748267548275352,2.107065834679738,1.855961986547652,0,0.9469301294951056,-0.3214394653031616,0.4338837391175582,-0.900968867902419
2018-12-06 07:20:00,-0.4151560440976154,0.2089741464193036,-0.1182472614477532,0.0377736142235127,0.1459963720493445,0.0245514753138209,-0.2303030440210958,-0.5368692090945999,2.3618100325520137,2.3288503519323376,2.264257195964671,1.7839131358274525,0,0.9396926207859084,-0.3420201433256685,0.4338837391175582,-0.900968867902419
2018-12-06 07:25:00,-0.0802626781052044,0.2089741464193036,-0.0063938511006562,-0.364783037048668,0.1459963720493445,-0.2681119893820236,-0.4156170802166805,-0.2959779231123636,2.566997018341758,2.4651941674146487,2.1944977161044936,1.5677665836668473,0,0.9320078692827986,-0.3624380382837016,0.4338837391175582,-0.900968867902419
2018-12-06 07:30:00,-0.2237884063876543,0.2089741464193036,-0.0063938511006562,-0.2976902618366537,0.1459963720493445,-0.2681119893820236,-0.5391597710137517,-0.5368692090945999,2.6151848710651078,2.3930587766652867,2.7200191310511634,1.4957177329466478,0,0.9238795325112868,-0.3826834323650895,0.4338837391175582,-0.900968867902419
2018-12-06 07:35:00,-0.128104587532682,-0.0733619066942439,-0.1182472614477532,-0.1635047114125776,0.1459963720493445,-0.4632209658459432,-0.6009311164122655,-0.5368692090945999,2.309736062673556,2.603123376100242,3.033471727222894,1.1354734793456438,0,0.9153114791194472,-0.4027466898587371,0.4338837391175582,-0.900968867902419
2018-12-06 07:40:00,-0.2716303158151487,0.020750111010283,-0.2301006717948499,-0.2976902618366537,0.1459963720493445,-0.755884430541788,-0.2303030440210958,-0.6974633997494433,2.533576410807824,2.3589728227947084,2.610264216071151,1.4957177329466478,0,0.90630778703665,-0.4226182617406993,0.4338837391175582,-0.900968867902419
2018-12-06 07:45:00,0.0154211407497675,-0.1204179155464908,-0.4538074924891231,-0.9686180139569392,0.1459963720493445,-0.853438918773713,-0.6009311164122655,-0.6171663044220501,2.5848731572552586,2.621355397937993,2.2261220136411075,1.63981543438705,0,0.8968727415326884,-0.4422886902190011,0.4338837391175582,-0.900968867902419
2018-12-06 07:50:00,-0.0802626781052044,-0.0733619066942439,-0.4538074924891231,-0.9015252387448772,0.1459963720493445,-1.048547895237563,-0.2920743894196533,-0.6171663044220501,2.552229773152345,2.500865514488509,2.2670475751590784,1.9280108372678544,0,0.8870108331782218,-0.4617486132350338,0.4338837391175582,-0.900968867902419
2018-12-06 07:55:00,-0.3673141346701207,-0.6380340129213058,-0.3419540821420261,-0.9015252387448772,0.1459963720493445,-0.853438918773713,-0.2303030440210958,-1.179245971713916,2.588759274410368,2.5436711309771414,2.3182045270565417,2.216206240148659,0,0.8767267557075076,-0.4809887689193878,0.4338837391175582,-0.900968867902419
2018-12-06 08:00:00,-0.3673141346701207,-0.6380340129213058,-0.0063938511006562,-1.0357107891689534,0.1459963720493445,-0.950993407005638,-0.3538457348181669,-0.7777604950768364,2.758193982373111,2.7791020216646203,2.4028460292868905,2.0000596879880543,0,0.8660254037844387,-0.4999999999999998,0.4338837391175582,-0.900968867902419
2018-12-06 08:05:00,-0.4151560440976154,-0.6380340129213058,-0.3419540821420261,-0.9015252387448772,0.1459963720493445,-0.950993407005638,-0.8480164980063638,-0.7777604950768364,2.79316903676909,2.618184611531428,2.5042298066836817,1.9280108372678544,0,0.8549118706729465,-0.5187732581605216,0.4338837391175582,-0.900968867902419
2018-12-06 08:10:00,-0.4151560440976154,-0.4498099775122852,-0.3419540821420261,-0.4989685874727441,0.1459963720493445,-0.755884430541788,-0.7862451526078502,-0.6974633997494433,3.158464049349316,2.5159267499196947,2.440981211610454,2.1441573894284565,0,0.8433914458128858,-0.5372996083468236,0.4338837391175582,-0.900968867902419
2018-12-06 08:15:00,-0.3194722252426432,-0.685090021773586,-0.3419540821420261,-0.4989685874727441,0.1459963720493445,-0.950993407005638,-0.2920743894196533,-0.7777604950768364,2.9719304259040946,2.7394671915825533,2.3089032630751847,1.7118642851072496,0,0.8314696123025451,-0.5555702330196023,0.4338837391175582,-0.900968867902419
2018-12-06 08:20:00,-0.6065236818075594,-0.8262580483303263,-0.0063938511006562,-0.2305974866245919,0.1459963720493445,-0.6583299423097935,-0.2920743894196533,-0.9383546857316796,2.416215672723537,2.8195295483483296,2.1107863402722806,1.4957177329466478,0,0.8191520442889917,-0.5735764363510462,0.4338837391175582,-0.900968867902419
2018-12-06 08:25:00,-0.5108398629525874,-0.685090021773586,-0.1182472614477532,-0.364783037048668,0.1459963720493445,-0.0730030129181733,-0.7862451526078502,-0.6171663044220501,2.379686171465514,2.816358761941764,2.250305299992636,1.4236688822264485,0,0.8064446042674828,-0.5913096483635821,0.4338837391175582,-0.900968867902419
2018-12-06 08:30:00,-0.1759464969601767,-0.1674739243987375,-0.2301006717948499,-0.6331541378967727,0.1459963720493445,-0.2681119893820236,-0.971559188803435,-0.4565721137672067,2.435646258499081,2.6451362959872338,2.173104808947373,1.5677665836668473,0,0.7933533402912352,-0.6087614290087207,0.4338837391175582,-0.900968867902419
2018-12-06 08:35:00,0.1111049596047395,0.1619181375670234,-0.3419540821420261,-0.7002469131087867,0.1459963720493445,-0.4632209658459432,-0.3538457348181669,-0.2959779231123636,2.521918059342496,2.496902031480301,2.050328124393461,1.4957177329466478,0,0.7798844830928817,-0.6259234721840591,0.4338837391175582,-0.900968867902419
2018-12-06 08:40:00,-0.0802626781052044,0.1148621287147766,-0.4538074924891231,-0.364783037048668,0.1459963720493445,-0.3656664776140181,-0.1067603532240684,-0.2959779231123636,2.082009597384181,2.0212840704954957,2.183336199326866,1.7839131358274525,0,0.7660444431189783,-0.642787609686539,0.4338837391175582,-0.900968867902419
2018-12-06 08:45:00,-0.3673141346701207,0.2089741464193036,-0.4538074924891231,-0.2976902618366537,0.1459963720493445,0.1221059635457461,-0.4773884256151941,-0.2959779231123636,2.1022174065907464,2.0149424976823647,2.312623768667727,1.7839131358274525,0,0.7518398074789774,-0.6593458151000688,0.4338837391175582,-0.900968867902419
2018-12-06 08:50:00,0.063263050177262,0.2560301552715505,-0.5656609028362198,0.0377736142235127,0.1459963720493445,0.0245514753138209,-0.4773884256151941,0.1055075535246591,2.123202439228334,2.156835189376165,2.456793360378761,1.4957177329466478,0,0.7372773368101241,-0.6755902076156602,0.4338837391175582,-0.900968867902419
2018-12-06 08:55:00,-0.0802626781052044,0.2089741464193036,-0.3419540821420261,0.104866389435527,0.1459963720493445,0.0245514753138209,-0.4156170802166805,-0.0550866371301841,2.160509163917378,2.1203711457006635,2.369361478954005,1.855961986547652,0,0.7223639620597556,-0.6915130557822693,0.4338837391175582,-0.900968867902419
2018-12-06 09:00:00,-0.0802626781052044,0.2089741464193036,-0.2301006717948499,0.1719591646475412,0.1459963720493445,-0.2681119893820236,-0.2920743894196533,-0.1353837324575773,2.394453416654928,1.7414621701161015,2.545155368201652,2.216206240148659,0,0.7071067811865476,-0.7071067811865475,0.4338837391175582,-0.900968867902419
2018-12-06 09:05:00,-0.128104587532682,0.3501421729760774,0.2173129695936169,0.2390519398595555,0.1459963720493445,-0.0730030129181733,-0.168531698622582,-0.1353837324575773,2.066465128763746,1.957868342364188,2.2093797384746647,1.4957177329466478,0,0.6915130557822694,-0.7223639620597555,0.4338837391175582,-0.900968867902419
2018-12-06 09:10:00,0.0154211407497675,0.3501421729760774,0.2173129695936169,0.0377736142235127,0.1459963720493445,-0.0730030129181733,-0.0449890078255108,-0.0550866371301841,1.9405549329382208,1.789023966214582,2.2177508760578863,1.3516200315062457,0,0.6755902076156604,-0.737277336810124,0.4338837391175582,-0.900968867902419
2018-12-06 09:15:00,0.0154211407497675,0.444254190680571,0.3291663799407137,0.0377736142235127,0.1459963720493445,0.0245514753138209,0.2020963737685875,0.1055075535246591,2.049366213281268,1.986405420023276,2.023354458847525,1.7118642851072496,0,0.659345815100069,-0.7518398074789773,0.4338837391175582,-0.900968867902419
2018-12-06 09:20:00,0.3503145067421782,0.8207022614986123,0.3291663799407137,0.1719591646475412,0.1459963720493445,0.3172149400095964,0.3256390645656148,0.1858046488520522,1.930451028334938,1.6407897017076505,1.9210405550525984,1.7839131358274525,0,0.6427876096865391,-0.7660444431189782,0.4338837391175582,-0.900968867902419
2018-12-06 09:25:00,0.5895240538796169,0.6795342349418718,0.3291663799407137,0.4403302654956459,0.1459963720493445,0.2196604517776712,0.5727244461597133,0.4266959348342887,1.6102349747539733,1.568654310958288,1.6587449107783314,1.63981543438705,0,0.6259234721840592,-0.7798844830928817,0.4338837391175582,-0.900968867902419
2018-12-06 09:30:00,0.3503145067421782,0.2560301552715505,0.8884334316763568,0.4403302654956459,0.1459963720493445,0.3172149400095964,0.449181755362686,0.5872901254891321,1.3879490734817503,1.5528003789254612,1.6959499667037594,1.7839131358274525,0,0.6087614290087209,-0.793353340291235,0.4338837391175582,-0.900968867902419
2018-12-06 09:35:00,0.1589468690322341,0.444254190680571,0.5528732006349868,0.3061447150716174,0.1459963720493445,0.5123239164735159,0.6962671369567845,0.4266959348342887,1.4268102450328384,1.44023746149239,1.4606279879754278,1.5677665836668473,0,0.5913096483635822,-0.8064446042674827,0.4338837391175582,-0.900968867902419
2018-12-06 09:40:00,0.1589468690322341,1.1030383146121598,0.7765800213291805,0.3061447150716174,0.1459963720493445,0.3172149400095964,0.6962671369567845,0.3463988395068956,1.1983065563124415,1.7034127332373168,1.9061585326824275,1.2075223300658433,0,0.5735764363510464,-0.8191520442889916,0.4338837391175582,-0.900968867902419
2018-12-06 09:45:00,0.2546306878872062,1.4794863854302012,1.0002868420234536,0.7087013663437505,0.1459963720493445,0.7074328929374355,0.8815811731523693,0.5069930301616818,1.339761220758402,1.3887121823857034,1.607587958880868,1.855961986547652,0,0.5555702330196025,-0.831469612302545,0.4338837391175582,-0.900968867902419
2018-12-06 09:50:00,0.5895240538796169,1.385374367725707,0.6647266109820836,0.9099796919798409,0.1459963720493445,0.6098784047054411,1.0668952093479542,0.5069930301616818,1.417483563860578,1.199257694593422,1.3285500394401586,1.279571180786046,0,0.5372996083468238,-0.8433914458128857,0.4338837391175582,-0.900968867902419
2018-12-06 09:55:00,0.7808916915895612,0.961870288055386,1.0002868420234536,0.7757941415558124,0.1459963720493445,0.9025418694012856,1.1286665547464678,0.6675872208165252,1.4027163186711635,1.2967593765953065,1.2243758828489604,1.279571180786046,0,0.5187732581605218,-0.8549118706729464,0.4338837391175582,-0.900968867902419
2018-12-06 10:00:00,1.211468876436944,1.0089262969076662,1.1121402523705504,0.6416085911317362,0.1459963720493445,1.0976508458652052,1.252209245543495,0.5069930301616818,1.096490286848591,1.3633458911331795,1.0969485663043697,1.5677665836668473,0,0.4999999999999999,-0.8660254037844387,0.4338837391175582,-0.900968867902419
2018-12-06 10:05:00,1.0679431481544943,1.0089262969076662,1.223993662717647,0.8428869167678266,0.1459963720493445,1.000096357633211,1.1904379001449814,0.5069930301616818,0.781714797284779,0.9717537699223558,0.740710155818397,1.4957177329466478,0,0.4809887689193876,-0.8767267557075077,0.4338837391175582,-0.900968867902419
2018-12-06 10:10:00,0.9244174198720276,0.8207022614986123,1.3358470730648235,0.9099796919798409,0.1459963720493445,1.0976508458652052,1.1286665547464678,0.5069930301616818,0.8213531922668885,0.7838846753333569,0.7937273605121319,1.9280108372678544,0,0.4617486132350339,-0.8870108331782217,0.4338837391175582,-0.900968867902419
2018-12-06 10:15:00,1.020101238727,1.1971503323166868,1.223993662717647,1.044165242403917,0.1459963720493445,1.3903143105610498,1.005123863949397,0.7478843161439183,0.7801603504227358,0.4446105298308621,0.8169805204655244,2.216206240148659,0,0.4422886902190017,-0.8968727415326881,0.4338837391175582,-0.900968867902419
2018-12-06 10:20:00,0.7808916915895612,1.1500943234644063,1.3358470730648235,1.1783507928279455,0.1459963720493445,1.0976508458652052,0.943352518550883,1.0690726974535478,0.6791213043899069,0.6459554666477635,0.9834731457318144,2.0721085387082567,0,0.4226182617406995,-0.90630778703665,0.4338837391175582,-0.900968867902419
2018-12-06 10:25:00,0.9722593292995224,0.8677582703508925,0.8884334316763568,1.245443568040007,0.1459963720493445,1.1952053340971305,1.005123863949397,1.0690726974535478,0.604507855011818,0.6142476025821098,0.7435005350128042,1.9280108372678544,0,0.4027466898587373,-0.9153114791194472,0.4338837391175582,-0.900968867902419
2018-12-06 10:30:00,1.020101238727,1.1500943234644063,0.7765800213291805,1.7150929945242024,0.1459963720493445,1.1952053340971305,1.1904379001449814,1.309963983435784,0.920060568006652,0.6863829933314725,0.6858326983283909,1.3516200315062457,0,0.3826834323650899,-0.9238795325112868,0.4338837391175582,-0.900968867902419
2018-12-06 10:35:00,1.5463622424293548,0.961870288055386,1.0002868420234536,1.782185769736217,0.1459963720493445,1.2927598223290555,1.1904379001449814,1.3902610787631773,0.5881861629603611,0.7537622044709862,0.6188635976626207,1.7118642851072496,0,0.3624380382837013,-0.9320078692827988,0.4338837391175582,-0.900968867902419
2018-12-06 10:40:00,1.4985203330018773,0.961870288055386,1.671407304106114,1.983464095372307,0.1459963720493445,1.2927598223290555,1.4992946271376375,1.6311523647454138,0.4125336675494437,0.603149850159131,0.7332691446333115,1.4236688822264485,0,0.3420201433256689,-0.9396926207859084,0.4338837391175582,-0.900968867902419
2018-12-06 10:45:00,1.92909751784926,1.385374367725707,1.5595538937590172,1.782185769736217,2.153422224457177,1.3903143105610498,1.6846086633331785,1.6311523647454138,0.4918104575136633,0.6816268137216241,0.8225612788543385,1.4236688822264485,0,0.3214394653031617,-0.9469301294951056,0.4338837391175582,-0.900968867902419
2018-12-06 10:50:00,1.92909751784926,1.5265423942824814,1.223993662717647,1.7150929945242024,0.1459963720493445,1.487868798792975,1.252209245543495,1.3902610787631773,0.5679783537537955,0.392292554122533,0.5853790473297354,1.7118642851072496,0,0.3007057995042733,-0.9537169507482268,0.4338837391175582,-0.900968867902419
2018-12-06 10:55:00,1.9769394272767375,2.044158491657297,1.1121402523705504,1.5809074441001263,2.153422224457177,1.3903143105610498,1.4992946271376375,1.309963983435784,0.6394829094077974,0.4438178332292209,0.475624132349723,1.5677665836668473,0,0.2798290140309927,-0.9600498543859284,0.4338837391175582,-0.900968867902419
2018-12-06 11:00:00,1.9769394272767375,1.6206544119869748,1.0002868420234536,1.513814668888112,2.153422224457177,1.5854232870249003,1.561065972536151,1.309963983435784,0.4529492859625754,0.6039425467607722,0.7648934421699253,1.279571180786046,0,0.258819045102521,-0.9659258262890682,0.4338837391175582,-0.900968867902419
2018-12-06 11:05:00,1.5463622424293548,1.4324303765779542,0.8884334316763568,1.513814668888112,2.153422224457177,1.3903143105610498,1.622837317934665,1.7114494600728638,0.289732365448006,0.7157127675922015,0.3054110014908902,1.4236688822264485,0,0.2376858923261729,-0.9713420698132614,0.4338837391175582,-0.900968867902419
2018-12-06 11:10:00,1.881255608421765,1.855934456248276,0.8884334316763568,1.3125363432520216,2.153422224457177,1.5854232870249003,1.746380008731736,1.5508552694180209,0.1148570934681104,0.5698565928901944,0.2356515216307129,1.9280108372678544,0,0.2164396139381031,-0.9762960071199333,0.4338837391175582,-0.900968867902419
2018-12-06 11:15:00,1.9769394272767375,1.855934456248276,1.223993662717647,1.4467218936760975,2.153422224457177,1.1952053340971305,1.43752328173908,1.3902610787631773,0.0029369194009774,0.5603442336704985,0.40493452609141,1.0634246286254412,0,0.1950903220161281,-0.9807852804032304,0.4338837391175582,-0.900968867902419
2018-12-06 11:20:00,1.92909751784926,1.6206544119869748,1.7832607144532904,1.513814668888112,2.153422224457177,1.2927598223290555,1.622837317934665,1.309963983435784,0.4381820407731617,0.3193644667715298,0.3444763102125895,1.1354734793456438,0,0.1736481776669302,-0.984807753012208,0.4338837391175582,-0.900968867902419
2018-12-06 11:25:00,1.5942041518568493,1.6677104208392215,1.7832607144532904,1.6480002193121406,2.153422224457177,1.1952053340971305,1.252209245543495,1.2296668881083912,0.4933649043757065,0.5238801899949965,0.4607421099795519,1.3516200315062457,0,0.152123386189917,-0.9883615104677608,0.4338837391175582,-0.900968867902419
2018-12-06 11:30:00,1.307152695291916,1.6677104208392215,2.1188209454946603,1.5809074441001263,2.153422224457177,1.487868798792975,1.252209245543495,1.3902610787631773,0.3503557930677032,0.4517447992456339,0.2356515216307129,1.2075223300658433,0,0.130526192220052,-0.9914448613738104,0.4338837391175582,-0.900968867902419
2018-12-06 11:35:00,1.4028365141469052,1.9029904651005225,1.8951141248003875,1.782185769736217,2.153422224457177,1.2927598223290555,1.43752328173908,1.7114494600728638,0.3177124089647893,0.3241206463813775,0.2356515216307129,0.8472780764648393,0,0.1088668748519645,-0.9940563382223196,0.4338837391175582,-0.900968867902419
2018-12-06 11:40:00,1.6898879707118213,1.9500464739527688,1.7832607144532904,1.7150929945242024,2.153422224457177,1.3903143105610498,1.746380008731736,1.3902610787631773,0.0884314968133703,0.0902751488971813,0.2356515216307129,0.5590826735840349,0,0.0871557427476582,-0.9961946980917455,0.4338837391175582,-0.900968867902419
2018-12-06 11:45:00,1.737729880139299,1.6677104208392215,1.5595538937590172,1.916371320160245,2.153422224457177,1.487868798792975,2.055236735724348,1.87204365072765,0.2205594800870695,-0.0222877685358897,0.3156423918703829,0.6311315243042344,0,0.0654031292301431,-0.9978589232386036,0.4338837391175582,-0.900968867902419
2018-12-06 11:50:00,1.833413698994288,1.8088784473959956,1.223993662717647,1.916371320160245,2.153422224457177,2.0731957281845954,1.9316940449272768,2.0326378413824937,0.2936184826031146,0.021310544554384,0.377030734147339,0.7752292257446367,0,0.0436193873653356,-0.9990482215818578,0.4338837391175582,-0.900968867902419
2018-12-06 11:55:00,2.120465155559204,1.573598403134728,1.5595538937590172,1.7150929945242024,2.153422224457177,1.6829777752568251,1.9934653903258344,1.7114494600728638,0.260197875069179,0.1188122265562696,0.2356515216307129,0.8472780764648393,0,0.0218148850345612,-0.9997620270799092,0.4338837391175582,-0.900968867902419
2018-12-06 12:00:00,2.2161489744141765,1.4794863854302012,1.671407304106114,1.5809074441001263,0.1459963720493445,1.878086751720745,1.8081513541302496,2.0326378413824937,0.0814364859341748,0.0506403188151141,0.2356515216307129,0.8472780764648393,0,1.2246467991473532e-16,-1.0,0.4338837391175582,-0.900968867902419
2018-12-06 12:05:00,2.2639908838416707,1.5265423942824814,2.006967535147484,1.5809074441001263,0.1459963720493445,1.7805322634888197,1.252209245543495,2.2735291273647302,0.1607132758983939,-0.0318001277555854,0.3974935149063244,0.8472780764648393,0,-0.0218148850345609,-0.9997620270799092,0.4338837391175582,-0.900968867902419
2018-12-06 12:10:00,2.2639908838416707,1.5265423942824814,1.5595538937590172,1.849278544948231,0.1459963720493445,1.487868798792975,1.252209245543495,1.9523407460550437,0.145168807277959,0.1584470566383369,0.4923664075161655,0.7031803750244372,0,-0.0436193873653353,-0.9990482215818578,0.4338837391175582,-0.900968867902419
2018-12-06 12:15:00,2.2161489744141765,1.338318358873427,1.5595538937590172,1.6480002193121406,2.153422224457177,1.487868798792975,1.6846086633331785,2.19323203203728,0.096203731123588,0.1869841342974252,0.4281876860448025,1.279571180786046,0,-0.0654031292301428,-0.9978589232386036,0.4338837391175582,-0.900968867902419
2018-12-06 12:20:00,2.2161489744141765,1.6677104208392215,1.3358470730648235,1.983464095372307,2.153422224457177,1.5854232870249003,1.622837317934665,2.19323203203728,0.0744414750549787,-0.0207023753326067,0.2356515216307129,1.0634246286254412,0,-0.0871557427476579,-0.9961946980917455,0.4338837391175582,-0.900968867902419
2018-12-06 12:25:00,2.2161489744141765,1.4794863854302012,1.3358470730648235,2.117649645796336,2.153422224457177,1.9756412399526704,1.375751936340566,2.19323203203728,0.0814364859341748,0.1877768308990665,0.2356515216307129,0.9913757779052416,0,-0.1088668748519643,-0.9940563382223196,0.4338837391175582,-0.900968867902419
2018-12-06 12:30:00,2.2161489744141765,1.8088784473959956,1.1121402523705504,2.117649645796336,2.153422224457177,1.878086751720745,1.6846086633331785,2.2735291273647302,0.3006134934823107,0.2194846949647201,0.2356515216307129,0.9193269271850388,0,-0.1305261922200517,-0.9914448613738104,0.4338837391175582,-0.900968867902419
2018-12-06 12:35:00,2.838093796971504,1.855934456248276,1.3358470730648235,1.782185769736217,2.153422224457177,1.878086751720745,1.9316940449272768,2.2735291273647302,0.2881779185859623,0.1489346974186409,0.2356515216307129,0.34293612142343,0,-0.1521233861899168,-0.9883615104677608,0.4338837391175582,-0.900968867902419
2018-12-06 12:40:00,2.5032004309790925,1.6206544119869748,1.5595538937590172,1.7150929945242024,2.153422224457177,1.6829777752568251,1.9316940449272768,1.9523407460550437,0.0915403905374573,0.0427133527987005,0.2356515216307129,0.2708872707032305,0,-0.17364817766693,-0.984807753012208,0.4338837391175582,-0.900968867902419
2018-12-06 12:45:00,1.881255608421765,1.7618224385437486,1.8951141248003875,1.983464095372307,2.153422224457177,1.7805322634888197,2.055236735724348,1.7114494600728638,-0.1058743609420691,0.0522257120183965,0.2356515216307129,0.0547407185426255,0,-0.1950903220161279,-0.9807852804032304,0.4338837391175582,-0.900968867902419
2018-12-06 12:50:00,1.6420460612843268,1.9029904651005225,1.7832607144532904,2.0505568705843213,2.153422224457177,1.878086751720745,1.6846086633331785,1.7114494600728638,0.2291089378283087,0.1933257071105558,0.3547077005920822,0.7031803750244372,0,-0.2164396139381029,-0.9762960071199334,0.4338837391175582,-0.900968867902419
2018-12-06 12:55:00,1.92909751784926,1.9029904651005225,2.230674355841757,1.7150929945242024,2.153422224457177,1.5854232870249003,2.3023221173184467,1.6311523647454138,0.0503475486933046,0.4144880589684908,0.5295714634415936,0.4870338228638322,0,-0.2376858923261727,-0.9713420698132617,0.4338837391175582,-0.900968867902419
2018-12-06 13:00:00,2.0247813367042324,1.9500464739527688,2.1188209454946603,1.849278544948231,2.153422224457177,1.6829777752568251,2.240550771919933,1.6311523647454138,0.0153724942973252,0.4152807555701325,0.2356515216307129,0.4870338228638322,0,-0.2588190451025208,-0.9659258262890684,0.4338837391175582,-0.900968867902419
2018-12-06 13:05:00,1.92909751784926,1.6677104208392215,2.006967535147484,2.117649645796336,2.153422224457177,1.878086751720745,2.055236735724348,1.7114494600728638,-0.0833348814424383,0.2599122216484291,0.2356515216307129,0.4870338228638322,0,-0.2798290140309925,-0.9600498543859286,0.4338837391175582,-0.900968867902419
2018-12-06 13:10:00,1.9769394272767375,1.714766429691502,1.7832607144532904,2.3189279714324256,2.153422224457177,2.2683047046485147,2.3640934627169603,1.7917465554002572,-0.0001719743231101,0.0910678454988225,0.2356515216307129,0.1267895692628282,0,-0.300705799504273,-0.9537169507482268,0.4338837391175582,-0.900968867902419
2018-12-06 13:15:00,2.120465155559204,1.4324303765779542,1.8951141248003875,2.184742421008397,2.153422224457177,2.2683047046485147,1.9934653903258344,1.7114494600728638,-0.0864437751665252,-0.1744855160510279,0.2356515216307129,0.8472780764648393,0,-0.3214394653031615,-0.9469301294951056,0.4338837391175582,-0.900968867902419
2018-12-06 13:20:00,2.168307064986699,1.385374367725707,1.8951141248003875,1.782185769736217,2.153422224457177,2.56096816934436,1.9934653903258344,1.5508552694180209,0.0526792189863694,-0.0579591156097503,0.2356515216307129,0.8472780764648393,0,-0.3420201433256686,-0.9396926207859084,0.4338837391175582,-0.900968867902419
2018-12-06 13:25:00,2.359674702696643,1.2912623500211804,1.7832607144532904,2.184742421008397,2.153422224457177,2.56096816934436,1.746380008731736,1.7114494600728638,-0.0110531023574147,0.2749734570796144,0.2356515216307129,1.279571180786046,0,-0.3624380382837011,-0.9320078692827988,0.4338837391175582,-0.900968867902419
2018-12-06 13:30:00,2.5988842498340814,1.4324303765779542,1.8951141248003875,1.916371320160245,2.153422224457177,2.463413681112434,1.622837317934665,1.7114494600728638,-0.1315227341657872,0.2258262677778513,0.2356515216307129,0.9913757779052416,0,-0.3826834323650896,-0.9238795325112868,0.4338837391175582,-0.900968867902419
2018-12-06 13:35:00,2.551042340406587,1.6677104208392215,2.1188209454946603,1.983464095372307,2.153422224457177,2.2683047046485147,1.252209245543495,1.4705581740906275,0.0044913662630206,0.0641161610430171,0.2356515216307129,0.8472780764648393,0,-0.4027466898587371,-0.9153114791194472,0.4338837391175582,-0.900968867902419
2018-12-06 13:40:00,2.359674702696643,1.8088784473959956,2.006967535147484,1.6480002193121406,2.153422224457177,2.463413681112434,1.375751936340566,1.5508552694180209,0.1918022131392646,0.1203976197595521,0.2356515216307129,0.4870338228638322,0,-0.4226182617406993,-0.90630778703665,0.4338837391175582,-0.900968867902419
2018-12-06 13:45:00,2.455358521551615,1.9500464739527688,1.8951141248003875,1.983464095372307,0.1459963720493445,2.0731957281845954,1.43752328173908,2.0326378413824937,0.0456842081071738,0.1901549207039905,0.2356515216307129,0.1988384199830277,0,-0.4422886902190014,-0.8968727415326883,0.4338837391175582,-0.900968867902419
2018-12-06 13:50:00,2.120465155559204,1.9500464739527688,2.006967535147484,1.983464095372307,2.153422224457177,2.0731957281845954,1.43752328173908,1.87204365072765,-0.0942160094767423,0.0997875081168773,0.2356515216307129,0.0547407185426255,0,-0.4617486132350341,-0.8870108331782216,0.4338837391175582,-0.900968867902419
2018-12-06 13:55:00,1.833413698994288,1.855934456248276,2.230674355841757,2.3189279714324256,2.153422224457177,2.0731957281845954,1.43752328173908,1.7114494600728638,0.0371347503659346,-0.0270439481457378,0.2412322800195271,-0.017308132177574,0,-0.4809887689193874,-0.8767267557075078,0.4338837391175582,-0.900968867902419
2018-12-06 14:00:00,1.5942041518568493,1.9500464739527688,2.454381176535951,2.0505568705843213,2.153422224457177,2.2683047046485147,1.9316940449272768,1.4705581740906275,0.1583816056053291,-0.0032630500964971,0.2356515216307129,0.1988384199830277,0,-0.4999999999999997,-0.8660254037844388,0.4338837391175582,-0.900968867902419
2018-12-06 14:05:00,1.6420460612843268,1.714766429691502,2.566234586883127,1.983464095372307,2.153422224457177,2.170750216416589,2.240550771919933,1.3902610787631773,-0.0398103693052196,-0.0912523728786864,0.2356515216307129,0.1267895692628282,0,-0.5187732581605216,-0.8549118706729465,0.4338837391175582,-0.900968867902419
2018-12-06 14:10:00,1.4985203330018773,1.6677104208392215,2.566234586883127,1.4467218936760975,2.153422224457177,1.6829777752568251,1.9934653903258344,1.5508552694180209,0.0215902817454991,0.0007004329117092,0.2356515216307129,-0.1614058336179762,0,-0.5372996083468236,-0.8433914458128858,0.4338837391175582,-0.900968867902419
2018-12-06 14:15:00,1.6420460612843268,1.855934456248276,2.454381176535951,1.782185769736217,2.153422224457177,1.3903143105610498,1.8081513541302496,1.309963983435784,0.128847115226502,0.182227954687577,0.2356515216307129,0.0547407185426255,0,-0.555570233019602,-0.8314696123025455,0.4338837391175582,-0.900968867902419
2018-12-06 14:20:00,1.833413698994288,2.279438535918564,2.1188209454946603,1.6480002193121406,2.153422224457177,1.2927598223290555,1.746380008731736,1.5508552694180209,0.4273009127388569,-0.0706422612360115,0.2356515216307129,0.1988384199830277,0,-0.5735764363510458,-0.819152044288992,0.4338837391175582,-0.900968867902419
2018-12-06 14:25:00,2.2161489744141765,2.3735505536230908,2.1188209454946603,1.916371320160245,2.153422224457177,1.3903143105610498,2.117008081122861,1.7114494600728638,0.3262618667060286,-0.0706422612360115,0.2356515216307129,-0.017308132177574,0,-0.5913096483635824,-0.8064446042674825,0.4338837391175582,-0.900968867902419
2018-12-06 14:30:00,2.0247813367042324,2.1853265182140698,2.006967535147484,1.7150929945242024,2.153422224457177,1.6829777752568251,1.9316940449272768,1.7114494600728638,0.4638304139968801,0.0498476222134729,0.2356515216307129,-0.233454684338179,0,-0.6087614290087207,-0.7933533402912352,0.4338837391175582,-0.900968867902419
2018-12-06 14:35:00,2.2161489744141765,2.467662571327584,1.7832607144532904,1.6480002193121406,2.153422224457177,1.5854232870249003,1.9316940449272768,1.9523407460550437,0.2337722784144396,0.1164341367513456,0.2356515216307129,-0.3055035350583786,0,-0.6259234721840591,-0.7798844830928818,0.4338837391175582,-0.900968867902419
2018-12-06 14:40:00,2.168307064986699,2.232382527066317,2.006967535147484,1.782185769736217,2.153422224457177,1.487868798792975,1.4992946271376375,2.112934936709886,-0.0359242521501106,0.2995470517304962,0.2356515216307129,-0.5216500872189802,0,-0.6427876096865389,-0.7660444431189783,0.4338837391175582,-0.900968867902419
2018-12-06 14:45:00,2.2161489744141765,2.3735505536230908,2.1188209454946603,2.0505568705843213,2.153422224457177,1.6829777752568251,1.4992946271376375,2.112934936709886,0.0449069846761522,0.0847262726856918,0.2356515216307129,0.0547407185426255,0,-0.6593458151000688,-0.7518398074789774,0.4338837391175582,-0.900968867902419
2018-12-06 14:50:00,2.455358521551615,2.3264945447708105,2.1188209454946603,1.849278544948231,2.153422224457177,1.5854232870249003,1.4992946271376375,1.6311523647454138,0.0309169629177605,0.4549155856521998,0.2356515216307129,-0.233454684338179,0,-0.6755902076156601,-0.7372773368101241,0.4338837391175582,-0.900968867902419
2018-12-06 14:55:00,2.4075166121241205,2.091214500509543,1.8951141248003875,1.513814668888112,2.153422224457177,1.3903143105610498,1.43752328173908,1.5508552694180209,0.243876183017722,0.0324082969773629,0.2356515216307129,0.1988384199830277,0,-0.691513055782269,-0.722363962059756,0.4338837391175582,-0.900968867902419
2018-12-06 15:00:00,2.07262324613171,1.9500464739527688,2.006967535147484,1.849278544948231,2.153422224457177,1.487868798792975,1.3139805909420526,1.5508552694180209,0.0736642516239571,0.3233279497797363,0.2356515216307129,0.2708872707032305,0,-0.7071067811865471,-0.7071067811865479,0.4338837391175582,-0.900968867902419
2018-12-06 15:05:00,1.7855717895667935,1.997102482805016,2.1188209454946603,2.0505568705843213,2.153422224457177,1.3903143105610498,1.622837317934665,1.309963983435784,0.263306768793266,0.1465566076137168,0.2356515216307129,0.34293612142343,0,-0.7223639620597557,-0.6915130557822692,0.4338837391175582,-0.900968867902419
2018-12-06 15:10:00,1.4985203330018773,1.714766429691502,1.5595538937590172,1.7150929945242024,2.153422224457177,1.487868798792975,1.8699226995287632,1.7917465554002572,0.3915486349118565,-0.0103973195112696,0.2356515216307129,0.5590826735840349,0,-0.7372773368101239,-0.6755902076156604,0.4338837391175582,-0.900968867902419
2018-12-06 15:15:00,1.211468876436944,1.6677104208392215,1.4477004834119205,1.6480002193121406,2.153422224457177,1.3903143105610498,1.6846086633331785,1.87204365072765,0.5617605663056215,0.2955835687222892,0.2356515216307129,1.0634246286254412,0,-0.7518398074789773,-0.6593458151000691,0.4338837391175582,-0.900968867902419
2018-12-06 15:20:00,1.307152695291916,1.6677104208392215,1.4477004834119205,1.5809074441001263,2.153422224457177,1.5854232870249003,1.4992946271376375,1.7114494600728638,0.4972510215308157,0.1330807653858139,0.2356515216307129,1.1354734793456438,0,-0.7660444431189779,-0.6427876096865395,0.4338837391175582,-0.900968867902419
2018-12-06 15:25:00,1.4506784235743826,1.5265423942824814,1.5595538937590172,1.4467218936760975,2.153422224457177,1.6829777752568251,1.43752328173908,1.3902610787631773,0.4342959236180531,0.3764386220897066,0.2356515216307129,0.7752292257446367,0,-0.7798844830928814,-0.6259234721840596,0.4338837391175582,-0.900968867902419
2018-12-06 15:30:00,1.5463622424293548,1.6206544119869748,1.7832607144532904,1.7150929945242024,2.153422224457177,1.5854232870249003,1.43752328173908,1.309963983435784,0.9052933228172388,0.073628520262713,0.2356515216307129,0.34293612142343,0,-0.7933533402912349,-0.6087614290087209,0.4338837391175582,-0.900968867902419
2018-12-06 15:35:00,1.4506784235743826,1.8088784473959956,1.7832607144532904,1.513814668888112,2.153422224457177,1.5854232870249003,1.622837317934665,0.9887756021261548,0.5361121930819036,0.19570379691548,0.3007603695002118,0.1988384199830277,0,-0.8064446042674827,-0.5913096483635822,0.4338837391175582,-0.900968867902419
2018-12-06 15:40:00,1.1636269670094666,1.6206544119869748,2.006967535147484,1.3125363432520216,2.153422224457177,1.3903143105610498,1.8081513541302496,1.0690726974535478,0.4560581796866624,0.2805223332911039,0.3574980797864894,0.5590826735840349,0,-0.8191520442889916,-0.5735764363510464,0.4338837391175582,-0.900968867902419
2018-12-06 15:45:00,1.5463622424293548,1.5265423942824814,1.7832607144532904,1.3125363432520216,2.153422224457177,1.5854232870249003,1.746380008731736,1.309963983435784,0.6589134951833413,0.1917403139072735,0.244022659213934,-0.233454684338179,0,-0.8314696123025452,-0.5555702330196022,0.4338837391175582,-0.900968867902419
2018-12-06 15:50:00,1.4506784235743826,1.714766429691502,1.671407304106114,1.044165242403917,0.1459963720493445,1.7805322634888197,1.4992946271376375,1.149369792780998,0.4498403922384885,0.2194846949647201,0.3509871949995394,0.0547407185426255,0,-0.8433914458128859,-0.5372996083468234,0.4338837391175582,-0.900968867902419
2018-12-06 15:55:00,1.5942041518568493,1.855934456248276,1.223993662717647,1.513814668888112,0.1459963720493445,1.9756412399526704,1.561065972536151,0.9084785067987616,0.4412909344972486,0.3566212070486729,0.2356515216307129,0.1267895692628282,0,-0.8549118706729466,-0.5187732581605214,0.4338837391175582,-0.900968867902419
2018-12-06 16:00:00,1.4028365141469052,2.1853265182140698,1.223993662717647,1.782185769736217,0.1459963720493445,1.2927598223290555,1.561065972536151,1.149369792780998,0.6317106750975796,0.6396138938346329,0.2356515216307129,-0.0893569828977767,0,-0.8660254037844385,-0.5000000000000004,0.4338837391175582,-0.900968867902419
2018-12-06 16:05:00,1.115785057581972,2.6088305978843582,1.5595538937590172,1.513814668888112,0.1459963720493445,1.487868798792975,1.252209245543495,1.0690726974535478,0.4203059018596614,0.875044784522112,0.2356515216307129,-0.6657477886593826,0,-0.8767267557075072,-0.4809887689193884,0.4338837391175582,-0.900968867902419
2018-12-06 16:10:00,1.115785057581972,2.1853265182140698,1.5595538937590172,1.5809074441001263,2.153422224457177,1.5854232870249003,1.0668952093479542,1.4705581740906275,0.2656384390863313,0.64991894965597,0.2356515216307129,-0.3775523857785781,0,-0.8870108331782218,-0.4617486132350336,0.4338837391175582,-0.900968867902419
2018-12-06 16:15:00,1.3549946047194106,1.6677104208392215,1.5595538937590172,1.379629118464036,0.1459963720493445,1.487868798792975,1.6846086633331785,1.5508552694180209,0.476265988893228,1.0692554519242417,0.2356515216307129,0.1267895692628282,0,-0.8968727415326883,-0.4422886902190013,0.4338837391175582,-0.900968867902419
2018-12-06 16:20:00,1.020101238727,1.4324303765779542,1.223993662717647,1.3125363432520216,0.1459963720493445,1.3903143105610498,1.622837317934665,1.309963983435784,0.5182360541684028,1.0843166873554269,0.3100616334815687,-0.3775523857785781,0,-0.9063077870366496,-0.4226182617406999,0.4338837391175582,-0.900968867902419
2018-12-06 16:25:00,1.0679431481544943,1.385374367725707,1.1121402523705504,1.3125363432520216,0.1459963720493445,1.2927598223290555,1.746380008731736,1.2296668881083912,0.2640839922242881,0.8037020903743906,0.2356515216307129,-0.1614058336179762,0,-0.9153114791194472,-0.4027466898587373,0.4338837391175582,-0.900968867902419
2018-12-06 16:30:00,1.115785057581972,1.4324303765779542,1.4477004834119205,1.1112580176159312,0.1459963720493445,1.2927598223290555,1.746380008731736,1.309963983435784,0.093094837399501,0.714127374388919,0.2356515216307129,-0.233454684338179,0,-0.9238795325112868,-0.3826834323650895,0.4338837391175582,-0.900968867902419
2018-12-06 16:35:00,1.0679431481544943,1.4324303765779542,1.3358470730648235,0.9770724671919028,0.1459963720493445,1.3903143105610498,0.943352518550883,1.4705581740906275,0.0620059001586308,0.5746127725000426,0.3519173213976752,-0.233454684338179,0,-0.9320078692827984,-0.3624380382837018,0.4338837391175582,-0.900968867902419
2018-12-06 16:40:00,0.8765755104445332,1.5265423942824814,1.3358470730648235,0.9770724671919028,0.1459963720493445,1.5854232870249003,1.005123863949397,1.5508552694180209,0.1910249897082424,0.7236397336086156,0.2663456927691909,-0.233454684338179,0,-0.9396926207859084,-0.3420201433256685,0.4338837391175582,-0.900968867902419
2018-12-06 16:45:00,0.9244174198720276,1.2442063411689337,1.5595538937590172,0.7757941415558124,0.1459963720493445,1.1952053340971305,0.8815811731523693,1.4705581740906275,0.3386974416023764,0.8544346728794366,0.7546620517904326,-0.3055035350583786,0,-0.9469301294951056,-0.3214394653031618,0.4338837391175582,-0.900968867902419
2018-12-06 16:50:00,0.8287336010170556,1.4324303765779542,1.223993662717647,1.245443568040007,0.1459963720493445,1.3903143105610498,0.8815811731523693,1.309963983435784,0.5547655554264255,0.8044947869760323,0.8886002531219731,-0.017308132177574,0,-0.9537169507482268,-0.3007057995042738,0.4338837391175582,-0.900968867902419
2018-12-06 16:55:00,0.5895240538796169,1.1500943234644063,1.0002868420234536,0.9099796919798409,0.1459963720493445,1.0976508458652052,0.943352518550883,0.9887756021261548,0.9185061211446084,0.7997386073661841,1.0374204768236848,0.1267895692628282,0,-0.9600498543859286,-0.2798290140309923,0.4338837391175582,-0.900968867902419
2018-12-06 17:00:00,0.9722593292995224,1.0559823057599131,1.0002868420234536,1.1783507928279455,0.1459963720493445,0.8049873811693606,0.5109531007611996,0.8281814114713114,0.617720653339188,0.7260178234135397,0.9360366994268938,0.4149849721436327,0,-0.9659258262890684,-0.2588190451025206,0.4338837391175582,-0.900968867902419
2018-12-06 17:05:00,1.1636269670094666,1.2912623500211804,1.0002868420234536,0.9770724671919028,0.1459963720493445,0.8049873811693606,0.5109531007611996,0.9084785067987616,0.8516649060767372,0.7799211923251504,1.194611838108618,0.7031803750244372,0,-0.9713420698132612,-0.2376858923261734,0.4338837391175582,-0.900968867902419
2018-12-06 17:10:00,0.9244174198720276,1.573598403134728,0.8884334316763568,0.574515815919722,0.1459963720493445,0.9025418694012856,0.449181755362686,0.8281814114713114,0.9153972274205214,0.9400459058567016,1.3759864857450792,0.4149849721436327,0,-0.9762960071199334,-0.2164396139381028,0.4338837391175582,-0.900968867902419
2018-12-06 17:15:00,0.7808916915895612,1.2442063411689337,0.7765800213291805,0.6416085911317362,0.1459963720493445,0.7074328929374355,0.3874104099641284,0.5069930301616818,1.1120347554690264,1.1834037625605949,1.6429327620100247,0.2708872707032305,0,-0.9807852804032304,-0.1950903220161286,0.4338837391175582,-0.900968867902419
2018-12-06 17:20:00,0.7330497821620836,1.2442063411689337,1.0002868420234536,0.2390519398595555,0.1459963720493445,0.7074328929374355,0.8815811731523693,0.5872901254891321,1.3179989646897927,1.3696874639463104,1.49690291750272,0.7752292257446367,0,-0.984807753012208,-0.1736481776669312,0.4338837391175582,-0.900968867902419
2018-12-06 17:25:00,0.8765755104445332,1.0089262969076662,0.6647266109820836,0.6416085911317362,0.1459963720493445,1.000096357633211,0.8815811731523693,0.9084785067987616,1.371627381430294,1.2024284809999868,1.515505445465434,0.34293612142343,0,-0.9883615104677608,-0.1521233861899162,0.4338837391175582,-0.900968867902419
2018-12-06 17:30:00,1.0679431481544943,1.1500943234644063,0.6647266109820836,0.3061447150716174,0.1459963720493445,1.3903143105610498,0.8198098277538117,0.1055075535246591,1.4454636073773612,1.3752363401578005,1.3034366266904946,0.5590826735840349,0,-0.9914448613738104,-0.1305261922200516,0.4338837391175582,-0.900968867902419
2018-12-06 17:35:00,0.6373659633071116,0.7736462526463654,0.3291663799407137,0.574515815919722,0.1459963720493445,1.487868798792975,0.5727244461597133,-0.0550866371301841,1.4454636073773612,1.1445616290801697,1.3043667530886305,0.1267895692628282,0,-0.9940563382223196,-0.108866874851965,0.4338837391175582,-0.900968867902419
2018-12-06 17:40:00,0.7808916915895612,0.3971981818283242,0.10545955924652,0.7087013663437505,0.1459963720493445,1.3903143105610498,0.6344957915582708,0.025210458197266,1.49831480068684,1.5329829638844277,1.1797298157384468,-0.3775523857785781,0,-0.9961946980917455,-0.0871557427476582,0.4338837391175582,-0.900968867902419
2018-12-06 17:45:00,0.685207872734589,0.5383662083850981,0.10545955924652,0.4403302654956459,0.1459963720493445,1.1952053340971305,0.6344957915582708,0.3463988395068956,1.7718974484064989,1.6645705997568905,1.2671616971632025,-0.6657477886593826,0,-0.9978589232386036,-0.0654031292301427,0.4338837391175582,-0.900968867902419
2018-12-06 17:50:00,0.5416821444521225,0.7736462526463654,-0.0063938511006562,0.4403302654956459,0.1459963720493445,1.000096357633211,0.449181755362686,0.2661017441795025,1.550388770565298,1.7184739686685022,1.409471036077964,-0.6657477886593826,0,-0.9990482215818578,-0.0436193873653361,0.4338837391175582,-0.900968867902419
2018-12-06 17:55:00,0.2546306878872062,1.0089262969076662,0.2173129695936169,0.0377736142235127,0.1459963720493445,0.8049873811693606,0.5109531007611996,0.1055075535246591,1.4866564492215146,1.8659155365737925,1.4550472295866137,-0.6657477886593826,0,-0.9997620270799092,-0.0218148850345608,0.4338837391175582,-0.900968867902419
2018-12-06 18:00:00,0.2067887784597286,0.8207022614986123,0.2173129695936169,0.1719591646475412,0.1459963720493445,0.9025418694012856,0.3256390645656148,0.025210458197266,1.6514278165981264,2.056955417569356,1.6494436467969744,-0.6657477886593826,0,-1.0,-1.8369701987210294e-16,0.4338837391175582,-0.900968867902419
2018-12-06 18:05:00,0.2067887784597286,0.444254190680571,0.5528732006349868,0.3061447150716174,0.1459963720493445,0.7074328929374355,0.8815811731523693,-0.0550866371301841,1.6910662115802366,2.1053099102694777,1.727574264240373,-0.233454684338179,0,-0.9997620270799092,0.0218148850345604,0.4338837391175582,-0.900968867902419
2018-12-06 18:10:00,0.1111049596047395,0.6795342349418718,0.7765800213291805,0.1719591646475412,0.1459963720493445,0.3172149400095964,0.6962671369567845,-0.0550866371301841,1.8830403990426108,2.211531254889418,1.6410725092137532,-0.0893569828977767,0,-0.9990482215818578,0.0436193873653357,0.4338837391175582,-0.900968867902419
2018-12-06 18:15:00,0.063263050177262,0.7736462526463654,0.2173129695936169,0.104866389435527,0.1459963720493445,0.7074328929374355,0.3256390645656148,-0.1353837324575773,2.2631026568122508,2.188543053441819,1.6364218772230748,-0.017308132177574,0,-0.9978589232386036,0.0654031292301423,0.4338837391175582,-0.900968867902419
2018-12-06 18:20:00,0.3024725973147008,0.444254190680571,0.10545955924652,-0.1635047114125776,0.1459963720493445,0.4147694282415908,-0.0449890078255108,-0.1353837324575773,2.2452265178987503,2.3668997888111214,1.755478056184444,0.0547407185426255,0,-0.9961946980917455,0.0871557427476578,0.4338837391175582,-0.900968867902419
2018-12-06 18:25:00,0.3024725973147008,-0.0263058978419972,-0.1182472614477532,-0.1635047114125776,0.1459963720493445,0.2196604517776712,-0.0449890078255108,-0.4565721137672067,1.977084434196243,2.2884228252486283,1.6717666803522313,-0.1614058336179762,0,-0.9940563382223196,0.1088668748519647,0.4338837391175582,-0.900968867902419
2018-12-06 18:30:00,0.3981564161696728,0.1148621287147766,-0.0063938511006562,-0.029319160988549,0.1459963720493445,0.1221059635457461,0.2020963737685875,-0.4565721137672067,1.8535059086637844,2.178237997620481,1.915459796663784,-0.017308132177574,0,-0.9914448613738104,0.1305261922200512,0.4338837391175582,-0.900968867902419
2018-12-06 18:35:00,0.0154211407497675,0.2560301552715505,-0.1182472614477532,0.2390519398595555,0.1459963720493445,0.2196604517776712,0.14032502837003,-0.4565721137672067,2.214914804088901,1.9808565438117876,1.9852192765239616,-0.0893569828977767,0,-0.9883615104677608,0.1521233861899159,0.4338837391175582,-0.900968867902419
2018-12-06 18:40:00,-0.0802626781052044,0.3501421729760774,-0.0063938511006562,-0.0964119362005633,0.1459963720493445,-0.2681119893820236,-0.2303030440210958,-0.3762750184398136,2.3905672994998195,2.11244417968425,1.8829053727290348,0.0547407185426255,0,-0.984807753012208,0.1736481776669308,0.4338837391175582,-0.900968867902419
2018-12-06 18:45:00,-0.128104587532682,0.3501421729760774,0.3291663799407137,-0.2976902618366537,0.1459963720493445,-0.3656664776140181,0.0785536829715163,-0.2959779231123636,2.324503307862969,2.124334628708871,1.7210633794534234,0.2708872707032305,0,-0.9807852804032304,0.1950903220161283,0.4338837391175582,-0.900968867902419
2018-12-06 18:50:00,0.0154211407497675,0.3971981818283242,0.5528732006349868,0.1719591646475412,0.1459963720493445,-0.3656664776140181,0.3256390645656148,0.1858046488520522,2.1465191421589878,2.087077888431728,1.9796385181351477,0.0547407185426255,0,-0.9762960071199336,0.2164396139381024,0.4338837391175582,-0.900968867902419
2018-12-06 18:55:00,0.063263050177262,0.4913101995328178,0.2173129695936169,0.104866389435527,0.1459963720493445,-0.2681119893820236,0.3256390645656148,-0.1353837324575773,1.944441050093329,2.353423946583219,1.98986990851464,-0.017308132177574,0,-0.9713420698132614,0.237685892326173,0.4338837391175582,-0.900968867902419
2018-12-06 19:00:00,0.2067887784597286,0.444254190680571,-0.0063938511006562,0.0377736142235127,0.1459963720493445,0.1221059635457461,0.2638677191671011,-0.2959779231123636,1.9817477747823735,2.1473228301564693,1.9601058637742976,0.6311315243042344,0,-0.9659258262890684,0.2588190451025203,0.4338837391175582,-0.900968867902419
2018-12-06 19:05:00,0.4459983255971503,0.3030861641237972,0.10545955924652,0.104866389435527,0.1459963720493445,-0.0730030129181733,0.5109531007611996,-0.6171663044220501,2.1053263003148337,2.1576278859778077,2.1191574778555022,0.1988384199830277,0,-0.9600498543859288,0.279829014030992,0.4338837391175582,-0.900968867902419
2018-12-06 19:10:00,0.3981564161696728,0.6324782260895916,0.3291663799407137,0.0377736142235127,0.1459963720493445,0.1221059635457461,0.3256390645656148,-0.2959779231123636,1.903248208249177,2.0426868787398123,2.083812674726346,0.1988384199830277,0,-0.9537169507482268,0.3007057995042734,0.4338837391175582,-0.900968867902419
2018-12-06 19:15:00,0.3024725973147008,0.444254190680571,-0.3419540821420261,0.3061447150716174,0.1459963720493445,-0.2681119893820236,0.0167823375730027,-0.3762750184398136,1.8993620910940676,1.9665880049822424,2.2344931512243287,0.34293612142343,0,-0.9469301294951056,0.3214394653031615,0.4338837391175582,-0.900968867902419
2018-12-06 19:20:00,0.2067887784597286,0.444254190680571,-0.1182472614477532,0.0377736142235127,0.1459963720493445,0.0245514753138209,-0.1067603532240684,-0.5368692090945999,1.9817477747823735,1.915062725875556,2.378662742935362,0.7752292257446367,0,-0.9396926207859084,0.3420201433256681,0.4338837391175582,-0.900968867902419
2018-12-06 19:25:00,-0.1759464969601767,0.3030861641237972,0.10545955924652,-0.2976902618366537,0.1459963720493445,-0.1705575011500986,-0.1067603532240684,-0.6171663044220501,1.9794161044893084,2.047443058349661,2.1684541769566943,1.2075223300658433,0,-0.9320078692827986,0.3624380382837014,0.4338837391175582,-0.900968867902419
2018-12-06 19:30:00,-0.3194722252426432,0.3030861641237972,-0.0063938511006562,-0.2305974866245919,0.1459963720493445,-0.6583299423097935,0.14032502837003,-0.3762750184398136,1.7501351923378896,1.884940255013184,2.059629388374818,0.8472780764648393,0,-0.923879532511287,0.3826834323650891,0.4338837391175582,-0.900968867902419
2018-12-06 19:35:00,-0.462997953525093,0.3501421729760774,0.10545955924652,-0.1635047114125776,0.1459963720493445,-0.5607754540778684,0.3874104099641284,-0.5368692090945999,1.8566148023878708,1.6590217235454014,1.6903692083149453,0.7031803750244372,0,-0.9153114791194472,0.402746689858737,0.4338837391175582,-0.900968867902419
2018-12-06 19:40:00,-0.3673141346701207,0.020750111010283,0.10545955924652,0.104866389435527,0.1459963720493445,0.0245514753138209,0.3874104099641284,-0.0550866371301841,2.1589547170553347,2.104517213667837,1.6801378179354525,0.4149849721436327,0,-0.9063077870366498,0.4226182617406996,0.4338837391175582,-0.900968867902419
2018-12-06 19:45:00,-0.2237884063876543,-0.0733619066942439,0.4410197902878104,0.3732374902836316,0.1459963720493445,0.0245514753138209,0.14032502837003,0.025210458197266,2.007396148006092,1.9451851967379268,1.7080416098795237,0.34293612142343,0,-0.8968727415326884,0.442288690219001,0.4338837391175582,-0.900968867902419
2018-12-06 19:50:00,0.3024725973147008,-0.0733619066942439,0.7765800213291805,0.574515815919722,0.1459963720493445,0.1221059635457461,0.3874104099641284,0.1055075535246591,1.9871883387995268,1.643960488114216,1.7461767922030869,0.4149849721436327,0,-0.887010833178222,0.4617486132350332,0.4338837391175582,-0.900968867902419
2018-12-06 19:55:00,0.3503145067421782,0.2089741464193036,0.8884334316763568,0.4403302654956459,0.1459963720493445,0.2196604517776712,-0.0449890078255108,0.5069930301616818,1.865941483560132,1.7747554273850372,1.9275514398395488,0.4870338228638322,0,-0.8767267557075075,0.4809887689193881,0.4338837391175582,-0.900968867902419
2018-12-06 20:00:00,0.4459983255971503,0.1148621287147766,0.8884334316763568,0.574515815919722,0.1459963720493445,0.4147694282415908,0.2020963737685875,0.3463988395068956,1.9638716358688733,1.757316102148928,1.841979811211064,-0.233454684338179,0,-0.8660254037844386,0.5000000000000001,0.4338837391175582,-0.900968867902419
2018-12-06 20:05:00,0.3503145067421782,-0.0733619066942439,1.0002868420234536,0.4403302654956459,0.1459963720493445,0.2196604517776712,0.14032502837003,0.1858046488520522,2.053252330436376,1.7398767769128185,1.830818294433436,-0.0893569828977767,0,-0.8549118706729468,0.5187732581605211,0.4338837391175582,-0.900968867902419
2018-12-06 20:10:00,0.3981564161696728,0.1619181375670234,0.6647266109820836,0.3061447150716174,0.1459963720493445,0.0245514753138209,0.2020963737685875,0.2661017441795025,2.026049510350614,1.44023746149239,1.8345388000259784,-0.017308132177574,0,-0.8433914458128857,0.5372996083468239,0.4338837391175582,-0.900968867902419
2018-12-06 20:15:00,0.063263050177262,0.1619181375670234,0.6647266109820836,0.3732374902836316,0.1459963720493445,0.0245514753138209,0.14032502837003,0.5872901254891321,2.35559224510384,1.4275543158661288,1.530387467835605,-0.3055035350583786,0,-0.8314696123025455,0.5555702330196018,0.4338837391175582,-0.900968867902419
2018-12-06 20:20:00,0.3981564161696728,0.3501421729760774,0.5528732006349868,0.5074230407077078,0.1459963720493445,0.0245514753138209,0.5727244461597133,0.7478843161439183,1.855060355525828,1.3910902721906275,0.9797526401392715,-0.3775523857785781,0,-0.8191520442889918,0.573576436351046,0.4338837391175582,-0.900968867902419
2018-12-06 20:25:00,0.4459983255971503,0.7265902437941186,0.2173129695936169,0.6416085911317362,0.1459963720493445,0.5123239164735159,0.449181755362686,0.7478843161439183,1.667749508649584,1.673290262374945,0.895111137908923,-0.233454684338179,0,-0.8064446042674829,0.591309648363582,0.4338837391175582,-0.900968867902419
2018-12-06 20:30:00,0.3503145067421782,0.8677582703508925,0.3291663799407137,0.8428869167678266,0.1459963720493445,0.7074328929374355,0.5109531007611996,0.6675872208165252,1.6825167538389971,1.459262179931783,0.719317248661276,-0.3775523857785781,0,-0.7933533402912357,0.6087614290087199,0.4338837391175582,-0.900968867902419
2018-12-06 20:35:00,0.4938402350246449,1.1971503323166868,0.7765800213291805,0.5074230407077078,0.1459963720493445,0.8049873811693606,0.7580384823552981,0.9084785067987616,1.4081568826883166,1.529019480876221,0.873718230751802,-0.593698937939183,0,-0.7798844830928816,0.6259234721840593,0.4338837391175582,-0.900968867902419
2018-12-06 20:40:00,0.7808916915895612,1.0089262969076662,0.8884334316763568,0.574515815919722,0.1459963720493445,1.1952053340971305,0.5727244461597133,0.9084785067987616,1.3895035203437949,1.1469397188850936,1.1071799566838625,-0.593698937939183,0,-0.7660444431189781,0.6427876096865393,0.4338837391175582,-0.900968867902419
2018-12-06 20:45:00,1.020101238727,1.1500943234644063,0.8884334316763568,0.9099796919798409,0.1459963720493445,0.9025418694012856,0.3874104099641284,1.149369792780998,1.3949440843609464,0.9138869180025374,1.061603763175213,-0.4496012364987807,0,-0.7518398074789772,0.6593458151000691,0.4338837391175582,-0.900968867902419
2018-12-06 20:50:00,1.4028365141469052,0.9148142792031392,1.1121402523705504,0.7087013663437505,0.1459963720493445,1.1952053340971305,1.0668952093479542,1.3902610787631773,1.1337970115376357,0.8552273694810784,0.8616265875760379,-0.3055035350583786,0,-0.7372773368101242,0.6755902076156601,0.4338837391175582,-0.900968867902419
2018-12-06 20:55:00,1.307152695291916,1.0559823057599131,1.4477004834119205,1.044165242403917,0.1459963720493445,1.000096357633211,1.1904379001449814,1.3902610787631773,1.4011618718091206,0.9725464665239976,0.6374661256253347,-0.0893569828977767,0,-0.7223639620597554,0.6915130557822695,0.4338837391175582,-0.900968867902419
2018-12-06 21:00:00,1.0679431481544943,1.1030383146121598,1.5595538937590172,0.8428869167678266,0.1459963720493445,1.2927598223290555,1.1286665547464678,1.309963983435784,1.3040089429314006,1.0319987116470986,0.5118990618770154,0.0547407185426255,0,-0.7071067811865477,0.7071067811865474,0.4338837391175582,-0.900968867902419
2018-12-06 21:05:00,1.211468876436944,1.1500943234644063,1.5595538937590172,1.1112580176159312,0.1459963720493445,1.000096357633211,1.1904379001449814,1.4705581740906275,1.1508959270201142,1.0129739932077055,0.6235142296532992,0.4149849721436327,0,-0.6915130557822698,0.7223639620597551,0.4338837391175582,-0.900968867902419
2018-12-06 21:10:00,1.4506784235743826,1.338318358873427,1.5595538937590172,1.1783507928279455,0.1459963720493445,1.0976508458652052,1.4992946271376375,1.3902610787631773,1.2612616542252042,0.5825397385164561,0.6244443560514348,0.9193269271850388,0,-0.6755902076156598,0.7372773368101244,0.4338837391175582,-0.900968867902419
2018-12-06 21:15:00,1.5463622424293548,1.385374367725707,1.5595538937590172,1.044165242403917,0.1459963720493445,1.1952053340971305,1.3139805909420526,1.3902610787631773,1.2519349730529423,0.8465077068630237,0.719317248661276,0.5590826735840349,0,-0.6593458151000687,0.7518398074789775,0.4338837391175582,-0.900968867902419
2018-12-06 21:20:00,1.5463622424293548,1.2912623500211804,1.8951141248003875,1.379629118464036,2.153422224457177,1.1952053340971305,1.43752328173908,1.5508552694180209,1.188202651709159,0.6736998477052101,0.6188635976626207,1.1354734793456438,0,-0.6427876096865396,0.7660444431189778,0.4338837391175582,-0.900968867902419
2018-12-06 21:25:00,1.6420460612843268,1.385374367725707,1.8951141248003875,1.513814668888112,2.153422224457177,1.1952053340971305,1.4992946271376375,1.5508552694180209,1.0226540609015238,0.8465077068630237,0.3528474477958108,0.4870338228638322,0,-0.625923472184059,0.7798844830928818,0.4338837391175582,-0.900968867902419
2018-12-06 21:30:00,1.5463622424293548,1.573598403134728,2.1188209454946603,1.3125363432520216,2.153422224457177,1.487868798792975,1.561065972536151,1.3902610787631773,0.8672093746971725,0.5714419860934773,0.2356515216307129,0.5590826735840349,0,-0.608761429008721,0.7933533402912349,0.4338837391175582,-0.900968867902419
2018-12-06 21:35:00,1.5463622424293548,1.997102482805016,2.230674355841757,1.1112580176159312,2.153422224457177,1.3903143105610498,1.8081513541302496,1.87204365072765,0.8221304156979107,0.4097318793586432,0.3630788381753035,0.7031803750244372,0,-0.591309648363583,0.8064446042674821,0.4338837391175582,-0.900968867902419
2018-12-06 21:40:00,1.6420460612843268,2.4206065624753377,1.8951141248003875,1.1112580176159312,2.153422224457177,1.6829777752568251,1.375751936340566,1.7917465554002572,0.7319724976993864,0.4121099691635667,0.3026206222964831,0.5590826735840349,0,-0.5735764363510465,0.8191520442889916,0.4338837391175582,-0.900968867902419
2018-12-06 21:45:00,1.115785057581972,2.044158491657297,2.006967535147484,1.1783507928279455,2.153422224457177,2.0731957281845954,1.252209245543495,1.6311523647454138,0.5811911520811655,0.541319515231106,0.2793674623430906,0.5590826735840349,0,-0.555570233019603,0.8314696123025447,0.4338837391175582,-0.900968867902419
2018-12-06 21:50:00,1.115785057581972,1.9029904651005225,1.7832607144532904,1.245443568040007,0.1459963720493445,1.5854232870249003,1.8081513541302496,1.7114494600728638,0.4234147955837484,0.3613773866585211,0.2356515216307129,0.6311315243042344,0,-0.537299608346825,0.8433914458128849,0.4338837391175582,-0.900968867902419
2018-12-06 21:55:00,1.020101238727,1.9500464739527688,1.671407304106114,1.6480002193121406,2.153422224457177,1.878086751720745,1.9934653903258344,1.5508552694180209,0.5648694600297085,0.0585672848315277,0.2356515216307129,0.6311315243042344,0,-0.5187732581605214,0.8549118706729466,0.4338837391175582,-0.900968867902419
2018-12-06 22:00:00,0.9722593292995224,2.044158491657297,1.3358470730648235,1.6480002193121406,2.153422224457177,1.7805322634888197,2.117008081122861,1.5508552694180209,0.653472931166189,0.4668060346768198,0.2356515216307129,0.4149849721436327,0,-0.5000000000000004,0.8660254037844384,0.4338837391175582,-0.900968867902419
2018-12-06 22:05:00,0.9244174198720276,2.044158491657297,1.7832607144532904,1.6480002193121406,2.153422224457177,1.6829777752568251,2.055236735724348,1.5508552694180209,0.1358421261056975,0.4493667094407103,0.2356515216307129,0.34293612142343,0,-0.4809887689193877,0.8767267557075077,0.4338837391175582,-0.900968867902419
2018-12-06 22:10:00,1.1636269670094666,1.9029904651005225,1.671407304106114,1.5809074441001263,2.153422224457177,1.7805322634888197,1.43752328173908,1.7917465554002572,0.1373965729677413,0.7363228792348768,0.3370352990275039,0.34293612142343,0,-0.4617486132350336,0.8870108331782218,0.4338837391175582,-0.900968867902419
2018-12-06 22:15:00,1.4506784235743826,1.9500464739527688,1.7832607144532904,1.379629118464036,2.153422224457177,1.2927598223290555,1.252209245543495,1.7114494600728638,-0.019602560098654,0.7165054641938431,0.4430697084149736,0.6311315243042344,0,-0.4422886902190014,0.8968727415326883,0.4338837391175582,-0.900968867902419
2018-12-06 22:20:00,1.307152695291916,2.279438535918564,1.5595538937590172,1.379629118464036,2.153422224457177,1.5854232870249003,1.622837317934665,1.2296668881083912,0.0985354014166534,0.6293088380132952,0.4728337531553159,0.8472780764648393,0,-0.4226182617407,0.9063077870366496,0.4338837391175582,-0.900968867902419
2018-12-06 22:25:00,1.2593107858644386,1.997102482805016,1.671407304106114,1.1783507928279455,0.1459963720493445,1.7805322634888197,1.8081513541302496,1.149369792780998,0.0612286767276092,0.4842453599129293,0.2356515216307129,1.1354734793456438,0,-0.4027466898587366,0.9153114791194474,0.4338837391175582,-0.900968867902419
2018-12-06 22:30:00,1.4985203330018773,1.997102482805016,1.671407304106114,1.379629118464036,0.1459963720493445,2.0731957281845954,2.055236735724348,1.6311523647454138,-0.1688294588548313,0.3510723308371835,0.2663456927691909,0.9193269271850388,0,-0.3826834323650895,0.9238795325112868,0.4338837391175582,-0.900968867902419
2018-12-06 22:35:00,1.7855717895667935,1.7618224385437486,1.7832607144532904,1.379629118464036,0.1459963720493445,1.9756412399526704,1.9934653903258344,1.5508552694180209,0.0021596959699552,0.0855189692873331,0.2356515216307129,0.7752292257446367,0,-0.3624380382837018,0.9320078692827984,0.4338837391175582,-0.900968867902419
2018-12-06 22:40:00,1.881255608421765,1.6677104208392215,1.7832607144532904,1.3125363432520216,2.153422224457177,2.36585919288044,1.8699226995287632,2.0326378413824937,-0.0522459442015674,-0.0849108000655558,0.2356515216307129,0.8472780764648393,0,-0.3420201433256686,0.9396926207859084,0.4338837391175582,-0.900968867902419
2018-12-06 22:45:00,2.07262324613171,1.7618224385437486,1.8951141248003875,1.379629118464036,2.153422224457177,2.170750216416589,1.622837317934665,1.7917465554002572,0.0052685896940422,-0.1324725961640365,0.2356515216307129,1.0634246286254412,0,-0.3214394653031618,0.9469301294951056,0.4338837391175582,-0.900968867902419
2018-12-06 22:50:00,1.92909751784926,1.9029904651005225,1.7832607144532904,1.849278544948231,2.153422224457177,1.878086751720745,1.6846086633331785,1.309963983435784,0.28273735456881,0.2099723357450241,0.2356515216307129,0.34293612142343,0,-0.3007057995042738,0.9537169507482268,0.4338837391175582,-0.900968867902419
2018-12-06 22:55:00,2.07262324613171,1.573598403134728,1.8951141248003875,2.0505568705843213,2.153422224457177,2.0731957281845954,1.6846086633331785,1.149369792780998,0.2120100223458302,-0.0785692272524252,0.3193628974629258,0.7031803750244372,0,-0.2798290140309924,0.9600498543859286,0.4338837391175582,-0.900968867902419
2018-12-06 23:00:00,1.92909751784926,1.6677104208392215,2.006967535147484,1.849278544948231,2.153422224457177,2.2683047046485147,1.9316940449272768,1.6311523647454138,0.161490499329416,-0.2902192198906641,0.2523937967971553,0.34293612142343,0,-0.2588190451025215,0.965925826289068,0.4338837391175582,-0.900968867902419
2018-12-06 23:05:00,1.9769394272767375,1.4794863854302012,1.8951141248003875,1.916371320160245,2.153422224457177,2.0731957281845954,1.9934653903258344,1.309963983435784,0.1164115403301536,-0.0286293413490201,0.2356515216307129,0.2708872707032305,0,-0.2376858923261743,0.9713420698132612,0.4338837391175582,-0.900968867902419
2018-12-06 23:10:00,1.6898879707118213,1.9500464739527688,2.230674355841757,2.117649645796336,2.153422224457177,2.0731957281845954,2.117008081122861,1.4705581740906275,0.1280698917954804,0.1370442483940204,0.2356515216307129,0.1988384199830277,0,-0.2164396139381028,0.9762960071199334,0.4338837391175582,-0.900968867902419
2018-12-06 23:15:00,2.0247813367042324,1.9029904651005225,2.342527766188854,1.849278544948231,2.153422224457177,1.9756412399526704,2.055236735724348,1.2296668881083912,0.0573425595725001,-0.2236327053527911,0.2356515216307129,0.6311315243042344,0,-0.1950903220161287,0.9807852804032304,0.4338837391175582,-0.900968867902419
2018-12-06 23:20:00,2.3118327932691485,2.1853265182140698,2.566234586883127,1.849278544948231,2.153422224457177,1.7805322634888197,1.9934653903258344,1.5508552694180209,0.1521638181571546,-0.1578388874165595,0.2356515216307129,0.6311315243042344,0,-0.1736481776669304,0.984807753012208,0.4338837391175582,-0.900968867902419
2018-12-06 23:25:00,2.2161489744141765,2.138270509361789,2.454381176535951,1.849278544948231,2.153422224457177,1.878086751720745,1.9316940449272768,1.87204365072765,0.1995744474494818,-0.1927175378887786,0.2356515216307129,0.7752292257446367,0,-0.1521233861899172,0.9883615104677608,0.4338837391175582,-0.900968867902419
2018-12-06 23:30:00,2.455358521551615,2.138270509361789,2.1188209454946603,1.849278544948231,2.153422224457177,1.6829777752568251,1.375751936340566,1.7114494600728638,0.2384356190005697,-0.0048484432997801,0.2356515216307129,0.9193269271850388,0,-0.1305261922200516,0.9914448613738104,0.4338837391175582,-0.900968867902419
2018-12-06 23:35:00,2.359674702696643,2.138270509361789,1.671407304106114,1.7150929945242024,2.153422224457177,1.7805322634888197,1.43752328173908,1.309963983435784,0.1490549244330675,0.0284448139691564,0.2356515216307129,0.7031803750244372,0,-0.1088668748519651,0.9940563382223196,0.4338837391175582,-0.900968867902419
2018-12-06 23:40:00,2.2161489744141765,2.091214500509543,2.006967535147484,1.6480002193121406,2.153422224457177,1.9756412399526704,1.746380008731736,1.309963983435784,0.3643458148260949,-0.1126551811230029,0.2356515216307129,0.7031803750244372,0,-0.0871557427476574,0.9961946980917455,0.4338837391175582,-0.900968867902419
2018-12-06 23:45:00,2.0247813367042324,1.7618224385437486,1.8951141248003875,2.0505568705843213,2.153422224457177,1.878086751720745,1.4992946271376375,1.149369792780998,0.4747115420311842,0.0855189692873331,0.395633262110053,0.4149849721436327,0,-0.0654031292301428,0.9978589232386036,0.4338837391175582,-0.900968867902419
2018-12-06 23:50:00,2.359674702696643,1.4794863854302012,1.7832607144532904,1.983464095372307,2.153422224457177,2.0731957281845954,1.375751936340566,1.6311523647454138,0.6115028658910141,-0.1403995621804501,0.2356515216307129,0.4870338228638322,0,-0.0436193873653361,0.9990482215818578,0.4338837391175582,-0.900968867902419
2018-12-06 23:55:00,2.168307064986699,1.8088784473959956,1.3358470730648235,2.0505568705843213,2.153422224457177,1.6829777752568251,1.8081513541302496,1.5508552694180209,0.5026915855479681,0.3130228939583986,0.361218585379032,1.0634246286254412,0,-0.0218148850345609,0.9997620270799092,0.4338837391175582,-0.900968867902419
2018-12-07 00:00:00,2.07262324613171,1.855934456248276,1.4477004834119205,1.916371320160245,2.153422224457177,1.5854232870249003,1.43752328173908,1.5508552694180209,0.2493167470348744,-0.0849108000655558,0.2356515216307129,1.2075223300658433,0,0.0,1.0,-0.433883739117558,-0.9009688679024191
2018-12-07 00:05:00,2.2161489744141765,1.855934456248276,1.3358470730648235,2.2518351962204117,2.153422224457177,1.7805322634888197,1.746380008731736,1.87204365072765,0.5314488524957729,0.2052161561351759,0.2356515216307129,0.7752292257446367,0,0.0218148850345611,0.9997620270799092,-0.433883739117558,-0.9009688679024191
2018-12-07 00:10:00,2.168307064986699,1.6206544119869748,1.5595538937590172,2.117649645796336,2.153422224457177,1.878086751720745,1.8699226995287632,2.0326378413824937,0.5734189177709478,0.0403352629937764,0.2356515216307129,1.2075223300658433,0,0.043619387365336,0.9990482215818578,-0.433883739117558,-0.9009688679024191
2018-12-07 00:15:00,2.0247813367042324,1.4324303765779542,1.671407304106114,2.5202062970685164,2.153422224457177,1.878086751720745,1.8699226995287632,1.7917465554002572,0.6519184843041452,-0.0991793388950998,0.2356515216307129,1.279571180786046,0,0.065403129230143,0.9978589232386036,-0.433883739117558,-0.9009688679024191
2018-12-07 00:20:00,2.168307064986699,1.8088784473959956,1.8951141248003875,2.184742421008397,2.153422224457177,2.170750216416589,1.746380008731736,1.5508552694180209,0.5501022148402952,-0.0666787782278051,0.2356515216307129,1.4236688822264485,0,0.0871557427476581,0.9961946980917455,-0.433883739117558,-0.9009688679024191
2018-12-07 00:25:00,1.7855717895667935,1.7618224385437486,1.4477004834119205,2.38602074664444,2.153422224457177,2.2683047046485147,1.561065972536151,1.87204365072765,0.3231529729819417,-0.1816197854657997,0.2356515216307129,1.1354734793456438,0,0.1088668748519645,0.9940563382223196,-0.433883739117558,-0.9009688679024191
2018-12-07 00:30:00,1.7855717895667935,1.6206544119869748,1.5595538937590172,2.654391847492592,2.153422224457177,1.6829777752568251,1.561065972536151,1.6311523647454138,-0.0522459442015674,-0.1182040573344924,0.2356515216307129,1.3516200315062457,0,0.1305261922200515,0.9914448613738104,-0.433883739117558,-0.9009688679024191
2018-12-07 00:35:00,1.833413698994288,1.9500464739527688,1.7832607144532904,2.5202062970685164,2.153422224457177,1.7805322634888197,1.746380008731736,1.4705581740906275,-0.157171107389505,-0.0365563073654338,0.2356515216307129,0.9913757779052416,0,0.1521233861899167,0.9883615104677608,-0.433883739117558,-0.9009688679024191
2018-12-07 00:40:00,1.7855717895667935,1.8088784473959956,1.8951141248003875,2.0505568705843213,2.153422224457177,1.7805322634888197,1.561065972536151,1.6311523647454138,-0.1758244697340274,0.0442987460019835,0.2356515216307129,1.3516200315062457,0,0.1736481776669303,0.984807753012208,-0.433883739117558,-0.9009688679024191
2018-12-07 00:45:00,1.9769394272767375,1.9029904651005225,1.8951141248003875,2.453113521856502,2.153422224457177,1.487868798792975,1.8081513541302496,1.7114494600728638,-0.2131311944230716,0.1465566076137168,0.2356515216307129,1.2075223300658433,0,0.1950903220161282,0.9807852804032304,-0.433883739117558,-0.9009688679024191
2018-12-07 00:50:00,1.7855717895667935,1.855934456248276,1.7832607144532904,2.3189279714324256,2.153422224457177,1.5854232870249003,1.9934653903258344,1.5508552694180209,0.0806592625031532,0.06015267803481,0.2356515216307129,0.5590826735840349,0,0.2164396139381028,0.9762960071199334,-0.433883739117558,-0.9009688679024191
2018-12-07 00:55:00,1.7855717895667935,1.997102482805016,1.7832607144532904,2.2518351962204117,2.153422224457177,1.878086751720745,2.055236735724348,1.7917465554002572,0.3013907169133323,-0.1895467514822133,0.2356515216307129,1.0634246286254412,0,0.237685892326173,0.9713420698132614,-0.433883739117558,-0.9009688679024191
2018-12-07 01:00:00,2.3118327932691485,2.279438535918564,1.8951141248003875,1.782185769736217,2.153422224457177,1.878086751720745,2.055236735724348,1.87204365072765,0.5096865964271635,-0.334610229582579,0.2356515216307129,0.8472780764648393,0,0.2588190451025207,0.9659258262890684,-0.433883739117558,-0.9009688679024191
2018-12-07 01:05:00,2.3118327932691485,2.3735505536230908,1.8951141248003875,1.983464095372307,2.153422224457177,1.6829777752568251,1.9934653903258344,1.87204365072765,0.2990590466202669,-0.4503439334222154,0.2356515216307129,0.9913757779052416,0,0.279829014030992,0.9600498543859288,-0.433883739117558,-0.9009688679024191
2018-12-07 01:10:00,2.4075166121241205,1.997102482805016,1.8951141248003875,2.0505568705843213,2.153422224457177,2.0731957281845954,2.117008081122861,1.9523407460550437,0.1171887637611758,-0.0080192297063454,0.2356515216307129,1.279571180786046,0,0.3007057995042732,0.9537169507482268,-0.433883739117558,-0.9009688679024191
2018-12-07 01:15:00,2.2161489744141765,1.8088784473959956,1.7832607144532904,2.5872990722805307,2.153422224457177,2.170750216416589,2.3023221173184467,1.6311523647454138,0.2205594800870695,-0.2315596713692045,0.2356515216307129,1.5677665836668473,0,0.3214394653031616,0.9469301294951056,-0.433883739117558,-0.9009688679024191
2018-12-07 01:20:00,2.4075166121241205,1.8088784473959956,2.1188209454946603,2.184742421008397,0.1459963720493445,2.170750216416589,1.9934653903258344,1.7917465554002572,0.3604596976709858,-0.1142405743262853,0.3854018717305603,1.7839131358274525,0,0.3420201433256687,0.9396926207859084,-0.433883739117558,-0.9009688679024191
2018-12-07 01:25:00,1.92909751784926,2.138270509361789,2.230674355841757,1.983464095372307,0.1459963720493445,1.9756412399526704,1.8699226995287632,1.6311523647454138,0.118743210623219,0.1330807653858139,0.4951567867105727,1.855961986547652,0,0.3624380382837016,0.9320078692827986,-0.433883739117558,-0.9009688679024191
2018-12-07 01:30:00,2.120465155559204,2.044158491657297,2.1188209454946603,1.983464095372307,0.1459963720493445,1.6829777752568251,2.178779426521419,2.2735291273647302,0.3627913679640512,0.2654610978599184,0.377030734147339,2.1441573894284565,0,0.3826834323650898,0.9238795325112868,-0.433883739117558,-0.9009688679024191
2018-12-07 01:35:00,2.0247813367042324,2.091214500509543,2.006967535147484,1.849278544948231,0.1459963720493445,1.6829777752568251,2.117008081122861,2.434123318019516,0.1335104558126327,0.3796094084962719,0.2356515216307129,1.9280108372678544,0,0.4027466898587372,0.9153114791194472,-0.433883739117558,-0.9009688679024191
2018-12-07 01:40:00,1.833413698994288,1.7618224385437486,1.7832607144532904,1.4467218936760975,0.1459963720493445,2.2683047046485147,1.8699226995287632,2.353826222692123,0.1894705428461992,0.4913796293277012,0.2356515216307129,1.63981543438705,0,0.4226182617406994,0.90630778703665,-0.433883739117558,-0.9009688679024191
2018-12-07 01:45:00,1.6898879707118213,1.5265423942824814,1.8951141248003875,1.513814668888112,0.1459963720493445,1.878086751720745,2.055236735724348,1.7917465554002572,0.066669240744761,0.4065610929520779,0.2356515216307129,1.279571180786046,0,0.4422886902190012,0.8968727415326884,-0.433883739117558,-0.9009688679024191
2018-12-07 01:50:00,1.737729880139299,1.6677104208392215,1.7832607144532904,1.7150929945242024,0.1459963720493445,2.170750216416589,2.3640934627169603,2.0326378413824937,0.2143416926388955,0.3899144643176095,0.3714499757585248,1.279571180786046,0,0.4617486132350339,0.8870108331782217,-0.433883739117558,-0.9009688679024191
2018-12-07 01:55:00,1.9769394272767375,1.5265423942824814,1.7832607144532904,1.849278544948231,0.1459963720493445,2.0731957281845954,2.240550771919933,1.9523407460550437,0.1109709763130012,0.2797296366894627,0.4570216043870091,1.5677665836668473,0,0.4809887689193876,0.8767267557075077,-0.433883739117558,-0.9009688679024191
2018-12-07 02:00:00,1.6898879707118213,1.4794863854302012,1.671407304106114,2.117649645796336,2.153422224457177,2.56096816934436,2.240550771919933,1.6311523647454138,0.0449069846761522,0.1536908770284887,0.2356515216307129,1.855961986547652,0,0.4999999999999999,0.8660254037844387,-0.433883739117558,-0.9009688679024191
2018-12-07 02:05:00,2.07262324613171,1.2442063411689337,2.006967535147484,1.983464095372307,2.153422224457177,2.170750216416589,2.117008081122861,1.6311523647454138,-0.0740082002701769,-0.3520495548186886,0.2356515216307129,1.855961986547652,0,0.5187732581605214,0.8549118706729466,-0.433883739117558,-0.9009688679024191
2018-12-07 02:10:00,1.7855717895667935,1.1500943234644063,2.1188209454946603,2.0505568705843213,2.153422224457177,2.170750216416589,1.9316940449272768,1.87204365072765,-0.4159865099197504,-0.0389343971703579,0.2356515216307129,1.279571180786046,0,0.5372996083468238,0.8433914458128857,-0.433883739117558,-0.9009688679024191
2018-12-07 02:15:00,1.737729880139299,1.573598403134728,2.1188209454946603,2.184742421008397,2.153422224457177,1.9756412399526704,1.9316940449272768,1.7114494600728638,-0.4338626488332513,-0.049239452991695,0.2356515216307129,0.9193269271850388,0,0.5555702330196022,0.8314696123025452,-0.433883739117558,-0.9009688679024191
2018-12-07 02:20:00,1.6898879707118213,1.573598403134728,1.8951141248003875,2.0505568705843213,2.153422224457177,1.9756412399526704,1.9934653903258344,1.6311523647454138,-0.3825659023858148,-0.1974737174986267,0.2356515216307129,1.0634246286254412,0,0.5735764363510462,0.8191520442889918,-0.433883739117558,-0.9009688679024191
2018-12-07 02:25:00,1.737729880139299,1.573598403134728,2.006967535147484,1.849278544948231,2.153422224457177,2.170750216416589,1.9934653903258344,1.7917465554002572,-0.408991499040555,0.0030785227166333,0.2356515216307129,1.7839131358274525,0,0.5913096483635824,0.8064446042674827,-0.433883739117558,-0.9009688679024191
2018-12-07 02:30:00,1.6420460612843268,1.6677104208392215,2.006967535147484,2.0505568705843213,2.153422224457177,2.2683047046485147,1.8081513541302496,1.87204365072765,-0.3328236028004223,0.2313751439893406,0.2356515216307129,1.4957177329466478,0,0.6087614290087207,0.7933533402912352,-0.433883739117558,-0.9009688679024191
2018-12-07 02:35:00,1.5942041518568493,1.7618224385437486,2.006967535147484,2.0505568705843213,2.153422224457177,2.2683047046485147,2.055236735724348,2.0326378413824937,-0.2100223006989845,0.1362515517923791,0.2356515216307129,1.3516200315062457,0,0.6259234721840591,0.7798844830928818,-0.433883739117558,-0.9009688679024191
2018-12-07 02:40:00,1.4506784235743826,2.138270509361789,2.454381176535951,2.38602074664444,2.153422224457177,2.2683047046485147,1.9316940449272768,2.19323203203728,0.1249609980713929,0.1481420008169992,0.2356515216307129,1.7839131358274525,0,0.6427876096865393,0.766044443118978,-0.433883739117558,-0.9009688679024191
2018-12-07 02:45:00,1.5942041518568493,1.997102482805016,2.566234586883127,1.849278544948231,2.153422224457177,2.2683047046485147,2.055236735724348,2.0326378413824937,0.1529410415881767,0.2725953672746902,0.2356515216307129,1.5677665836668473,0,0.6593458151000688,0.7518398074789774,-0.433883739117558,-0.9009688679024191
2018-12-07 02:50:00,1.4028365141469052,2.138270509361789,2.230674355841757,1.916371320160245,2.153422224457177,2.0731957281845954,2.240550771919933,2.0326378413824937,0.1412826901228498,0.5540026608573678,0.2356515216307129,2.2882550908688586,0,0.6755902076156602,0.7372773368101241,-0.433883739117558,-0.9009688679024191
2018-12-07 02:55:00,1.4985203330018773,2.1853265182140698,2.006967535147484,1.916371320160245,2.153422224457177,1.7805322634888197,2.240550771919933,1.87204365072765,0.1490549244330675,0.3058886245436268,0.2356515216307129,1.63981543438705,0,0.6915130557822694,0.7223639620597556,-0.433883739117558,-0.9009688679024191
2018-12-07 03:00:00,1.4028365141469052,1.7618224385437486,2.230674355841757,1.849278544948231,2.153422224457177,1.1952053340971305,1.8699226995287632,1.9523407460550437,-0.0864437751665252,0.2337532337942642,0.2356515216307129,1.4957177329466478,0,0.7071067811865476,0.7071067811865476,-0.433883739117558,-0.9009688679024191
2018-12-07 03:05:00,1.307152695291916,1.855934456248276,2.1188209454946603,1.5809074441001263,2.153422224457177,1.2927598223290555,1.6846086633331785,1.7114494600728638,-0.0040580914782186,0.1663740226547504,0.2356515216307129,1.855961986547652,0,0.7223639620597555,0.6915130557822694,-0.433883739117558,-0.9009688679024191
2018-12-07 03:10:00,1.3549946047194106,1.7618224385437486,2.230674355841757,1.513814668888112,2.153422224457177,1.6829777752568251,1.4992946271376375,1.9523407460550437,0.2174505863629825,0.430341991001318,0.2356515216307129,1.855961986547652,0,0.737277336810124,0.6755902076156602,-0.433883739117558,-0.9009688679024191
2018-12-07 03:15:00,1.307152695291916,1.7618224385437486,1.7832607144532904,1.6480002193121406,2.153422224457177,1.6829777752568251,1.375751936340566,1.87204365072765,0.4335187001870315,0.3693043526749342,0.2356515216307129,1.9280108372678544,0,0.7518398074789774,0.6593458151000688,-0.433883739117558,-0.9009688679024191
2018-12-07 03:20:00,1.5463622424293548,1.6677104208392215,1.671407304106114,1.4467218936760975,2.153422224457177,1.7805322634888197,1.4992946271376375,2.0326378413824937,0.3146035152407024,0.5000992919457564,0.2356515216307129,1.63981543438705,0,0.766044443118978,0.6427876096865394,-0.433883739117558,-0.9009688679024191
2018-12-07 03:25:00,1.5463622424293548,1.997102482805016,1.8951141248003875,2.0505568705843213,2.153422224457177,2.170750216416589,1.3139805909420526,2.2735291273647302,0.3682319319812035,0.186191437695784,0.2356515216307129,1.7118642851072496,0,0.7798844830928817,0.6259234721840591,-0.433883739117558,-0.9009688679024191
2018-12-07 03:30:00,1.881255608421765,2.044158491657297,1.7832607144532904,2.184742421008397,2.153422224457177,2.2683047046485147,1.43752328173908,1.87204365072765,0.42419201901477,0.1188122265562696,0.2356515216307129,1.7118642851072496,0,0.7933533402912352,0.6087614290087207,-0.433883739117558,-0.9009688679024191
2018-12-07 03:35:00,1.737729880139299,2.044158491657297,1.5595538937590172,1.782185769736217,2.153422224457177,2.170750216416589,1.8081513541302496,1.7114494600728638,0.325484643275007,0.0141762751396122,0.2356515216307129,1.63981543438705,0,0.8064446042674825,0.5913096483635825,-0.433883739117558,-0.9009688679024191
2018-12-07 03:40:00,1.737729880139299,1.714766429691502,1.671407304106114,2.117649645796336,2.153422224457177,1.878086751720745,1.8699226995287632,1.6311523647454138,0.4024297629461607,-0.0880815864721211,0.2356515216307129,2.4323527923092607,0,0.8191520442889917,0.5735764363510462,-0.433883739117558,-0.9009688679024191
2018-12-07 03:45:00,1.6420460612843268,1.9029904651005225,1.7832607144532904,2.117649645796336,0.1459963720493445,1.878086751720745,1.8081513541302496,1.87204365072765,0.2361039487075049,-0.0904596762770453,0.2356515216307129,2.0000596879880543,0,0.8314696123025451,0.5555702330196024,-0.433883739117558,-0.9009688679024191
2018-12-07 03:50:00,1.6898879707118213,1.997102482805016,1.223993662717647,1.7150929945242024,2.153422224457177,1.7805322634888197,2.117008081122861,1.87204365072765,0.1342876792436543,-0.1340579893673188,0.2356515216307129,0.9913757779052416,0,0.8433914458128856,0.5372996083468239,-0.433883739117558,-0.9009688679024191
2018-12-07 03:55:00,1.6898879707118213,1.6677104208392215,1.3358470730648235,1.6480002193121406,0.1459963720493445,1.7805322634888197,2.178779426521419,2.0326378413824937,0.0767731453480441,-0.0428978801785644,0.3444763102125895,1.279571180786046,0,0.8549118706729466,0.5187732581605216,-0.433883739117558,-0.9009688679024191
2018-12-07 04:00:00,1.737729880139299,1.4324303765779542,1.223993662717647,1.849278544948231,2.153422224457177,1.6829777752568251,1.8699226995287632,1.4705581740906275,0.3542419102228119,-0.1530827078067114,0.2356515216307129,0.6311315243042344,0,0.8660254037844386,0.5000000000000001,-0.433883739117558,-0.9009688679024191
2018-12-07 04:05:00,1.881255608421765,1.714766429691502,1.4477004834119205,1.916371320160245,2.153422224457177,2.0731957281845954,1.9316940449272768,1.4705581740906275,0.3503557930677032,0.2694245808681249,0.2356515216307129,1.1354734793456438,0,0.8767267557075077,0.4809887689193877,-0.433883739117558,-0.9009688679024191
2018-12-07 04:10:00,1.833413698994288,1.7618224385437486,1.5595538937590172,1.782185769736217,2.153422224457177,2.0731957281845954,1.746380008731736,1.3902610787631773,0.2547573110520267,0.046676835806907,0.2356515216307129,1.63981543438705,0,0.8870108331782217,0.4617486132350338,-0.433883739117558,-0.9009688679024191
2018-12-07 04:15:00,1.881255608421765,1.9029904651005225,1.4477004834119205,1.782185769736217,2.153422224457177,1.487868798792975,1.8081513541302496,1.5508552694180209,0.1840299788290469,0.1037509911250843,0.2356515216307129,1.63981543438705,0,0.8968727415326884,0.4422886902190012,-0.433883739117558,-0.9009688679024191
2018-12-07 04:20:00,2.07262324613171,1.6677104208392215,1.7832607144532904,2.0505568705843213,2.153422224457177,1.487868798792975,1.375751936340566,1.4705581740906275,0.3192668558268325,0.1259464959710414,0.2356515216307129,1.7839131358274525,0,0.9063077870366498,0.4226182617406996,-0.433883739117558,-0.9009688679024191
2018-12-07 04:25:00,1.881255608421765,1.8088784473959956,1.8951141248003875,1.849278544948231,2.153422224457177,1.3903143105610498,1.43752328173908,1.4705581740906275,0.5811911520811655,0.0332009935790046,0.2356515216307129,1.3516200315062457,0,0.9153114791194472,0.4027466898587372,-0.433883739117558,-0.9009688679024191
2018-12-07 04:30:00,2.07262324613171,1.6206544119869748,1.8951141248003875,1.379629118464036,2.153422224457177,1.5854232870249003,1.8081513541302496,1.309963983435784,0.5384438633749684,0.293205478917365,0.2356515216307129,1.4957177329466478,0,0.9238795325112868,0.3826834323650898,-0.433883739117558,-0.9009688679024191
2018-12-07 04:35:00,1.9769394272767375,1.8088784473959956,2.1188209454946603,1.513814668888112,2.153422224457177,1.7805322634888197,1.9934653903258344,1.4705581740906275,0.6783440809588852,0.553209964255726,0.2356515216307129,1.7118642851072496,0,0.9320078692827984,0.3624380382837017,-0.433883739117558,-0.9009688679024191
2018-12-07 04:40:00,1.3549946047194106,2.138270509361789,2.230674355841757,1.5809074441001263,2.153422224457177,1.6829777752568251,1.746380008731736,1.6311523647454138,0.4148653378425091,0.4763183938965157,0.2356515216307129,1.3516200315062457,0,0.9396926207859084,0.3420201433256686,-0.433883739117558,-0.9009688679024191
2018-12-07 04:45:00,1.4506784235743826,1.9029904651005225,2.230674355841757,2.0505568705843213,2.153422224457177,1.878086751720745,1.43752328173908,1.6311523647454138,0.3861080708947042,0.3764386220897066,0.2356515216307129,1.63981543438705,0,0.9469301294951056,0.3214394653031617,-0.433883739117558,-0.9009688679024191
2018-12-07 04:50:00,1.7855717895667935,1.855934456248276,2.1188209454946603,2.2518351962204117,2.153422224457177,2.170750216416589,1.005123863949397,1.9523407460550437,0.3348113244472679,0.403390306545512,0.2356515216307129,1.9280108372678544,0,0.9537169507482268,0.3007057995042733,-0.433883739117558,-0.9009688679024191
2018-12-07 04:55:00,1.833413698994288,1.6206544119869748,2.230674355841757,2.184742421008397,2.153422224457177,1.878086751720745,1.1904379001449814,1.6311523647454138,0.270301779672462,0.1901549207039905,0.407724905285817,2.216206240148659,0,0.9600498543859288,0.279829014030992,-0.433883739117558,-0.9009688679024191
2018-12-07 05:00:00,1.6898879707118213,1.9500464739527688,2.006967535147484,1.5809074441001263,2.153422224457177,1.7805322634888197,1.3139805909420526,1.7917465554002572,0.3192668558268325,0.3883290711143266,0.2356515216307129,2.1441573894284565,0,0.9659258262890684,0.2588190451025207,-0.433883739117558,-0.9009688679024191
2018-12-07 05:05:00,1.5463622424293548,1.5265423942824814,2.006967535147484,1.782185769736217,2.153422224457177,1.487868798792975,1.252209245543495,1.7114494600728638,0.5407755336680338,0.2020453697286106,0.2356515216307129,1.9280108372678544,0,0.9713420698132614,0.2376858923261731,-0.433883739117558,-0.9009688679024191
2018-12-07 05:10:00,1.833413698994288,1.4794863854302012,1.7832607144532904,1.916371320160245,2.153422224457177,1.5854232870249003,1.8081513541302496,1.7114494600728638,0.4941421278067281,0.1061290809300079,0.2356515216307129,1.855961986547652,0,0.9762960071199334,0.2164396139381029,-0.433883739117558,-0.9009688679024191
2018-12-07 05:15:00,1.6898879707118213,1.385374367725707,1.3358470730648235,1.916371320160245,0.1459963720493445,1.3903143105610498,1.622837317934665,1.5508552694180209,0.4677165311519886,0.3867436779110442,0.2356515216307129,2.0000596879880543,0,0.9807852804032304,0.1950903220161283,-0.433883739117558,-0.9009688679024191
2018-12-07 05:20:00,1.3549946047194106,1.5265423942824814,1.5595538937590172,1.849278544948231,2.153422224457177,1.487868798792975,1.4992946271376375,1.149369792780998,0.5664239068917523,0.6451627700461222,0.2356515216307129,2.2882550908688586,0,0.984807753012208,0.1736481776669304,-0.433883739117558,-0.9009688679024191
2018-12-07 05:25:00,1.3549946047194106,1.573598403134728,1.3358470730648235,1.916371320160245,0.1459963720493445,1.0976508458652052,1.0668952093479542,0.9084785067987616,0.5376666399439468,0.9329116364419304,0.2356515216307129,2.0721085387082567,0,0.9883615104677608,0.1521233861899168,-0.433883739117558,-0.9009688679024191
2018-12-07 05:30:00,1.115785057581972,1.2442063411689337,1.0002868420234536,1.379629118464036,0.1459963720493445,1.2927598223290555,1.0668952093479542,1.0690726974535478,0.713319135354864,1.1730987067392578,0.3147122654722472,2.4323527923092607,0,0.9914448613738104,0.1305261922200517,-0.433883739117558,-0.9009688679024191
2018-12-07 05:35:00,0.685207872734589,1.1500943234644063,1.0002868420234536,1.3125363432520216,0.1459963720493445,0.6098784047054411,0.7580384823552981,0.9887756021261548,0.8516649060767372,1.193708818381932,0.3695897229622533,2.0721085387082567,0,0.9940563382223196,0.1088668748519647,-0.433883739117558,-0.9009688679024191
2018-12-07 05:40:00,0.7808916915895612,0.7265902437941186,1.3358470730648235,1.245443568040007,0.1459963720493445,0.7074328929374355,0.5109531007611996,1.0690726974535478,0.8322343203011933,1.1421835392752453,0.2570444287878339,1.9280108372678544,0,0.9961946980917455,0.0871557427476581,-0.433883739117558,-0.9009688679024191
2018-12-07 05:45:00,0.8765755104445332,1.0559823057599131,1.223993662717647,0.9770724671919028,0.1459963720493445,0.7074328929374355,0.3256390645656148,1.3902610787631773,0.9286100257478914,1.1604155611129954,0.7518716725960255,2.1441573894284565,0,0.9978589232386036,0.0654031292301432,-0.433883739117558,-0.9009688679024191
2018-12-07 05:50:00,0.8287336010170556,0.8677582703508925,1.3358470730648235,0.8428869167678266,0.1459963720493445,0.6098784047054411,0.5109531007611996,1.149369792780998,1.009441262574155,1.2277947722525104,0.9676609969635076,1.7839131358274525,0,0.9990482215818578,0.043619387365336,-0.433883739117558,-0.9009688679024191
2018-12-07 05:55:00,0.7808916915895612,0.9148142792031392,1.1121402523705504,0.3732374902836316,0.1459963720493445,0.6098784047054411,0.6962671369567845,0.7478843161439183,1.1011536274347218,1.384748699377497,0.6830423191339838,1.7118642851072496,0,0.9997620270799092,0.0218148850345609,-0.433883739117558,-0.9009688679024191
2018-12-07 06:00:00,0.8287336010170556,0.6795342349418718,0.4410197902878104,0.7757941415558124,0.1459963720493445,0.7074328929374355,0.943352518550883,0.5069930301616818,1.0584063387285252,1.5837155463894734,0.8225612788543385,2.0000596879880543,0,1.0,6.123233995736766e-17,-0.433883739117558,-0.9009688679024191
2018-12-07 06:05:00,0.6373659633071116,0.6324782260895916,0.8884334316763568,0.7757941415558124,0.1459963720493445,0.9025418694012856,0.5109531007611996,0.5872901254891321,0.8197987454048453,1.682009924993001,1.07090502715657,2.576450493749663,0,0.9997620270799092,-0.0218148850345608,-0.433883739117558,-0.9009688679024191
2018-12-07 06:10:00,0.4459983255971503,0.3501421729760774,0.8884334316763568,0.4403302654956459,0.1459963720493445,0.8049873811693606,0.6962671369567845,0.6675872208165252,1.056851891866482,1.6780464419847934,1.0364903504255492,2.720548195190065,0,0.9990482215818578,-0.0436193873653358,-0.433883739117558,-0.9009688679024191
2018-12-07 06:15:00,0.2067887784597286,0.8677582703508925,1.0002868420234536,0.6416085911317362,0.1459963720493445,0.7074328929374355,0.8198098277538117,0.4266959348342887,1.3350978801722713,1.5654835245517222,1.1741490573496325,2.4323527923092607,0,0.9978589232386036,-0.0654031292301431,-0.433883739117558,-0.9009688679024191
2018-12-07 06:20:00,0.2067887784597286,0.961870288055386,1.223993662717647,0.574515815919722,0.1459963720493445,0.6098784047054411,0.5109531007611996,0.4266959348342887,1.4415774902222516,1.2872470173756112,1.5322477206318763,2.576450493749663,0,0.9961946980917455,-0.087155742747658,-0.433883739117558,-0.9009688679024191
2018-12-07 06:25:00,0.3503145067421782,0.9148142792031392,0.8884334316763568,0.5074230407077078,0.1459963720493445,0.5123239164735159,0.8815811731523693,0.1055075535246591,1.4229241278777298,1.4148711702398675,1.3257596602457515,1.7839131358274525,0,0.9940563382223196,-0.1088668748519646,-0.433883739117558,-0.9009688679024191
2018-12-07 06:30:00,-0.128104587532682,0.7736462526463654,0.7765800213291805,0.3732374902836316,0.1459963720493445,0.5123239164735159,0.8198098277538117,0.025210458197266,1.3405384441894233,1.7343279007013297,0.9778923873430002,1.63981543438705,0,0.9914448613738104,-0.1305261922200516,-0.433883739117558,-0.9009688679024191
2018-12-07 06:35:00,0.1111049596047395,0.7265902437941186,0.7765800213291805,0.2390519398595555,0.1459963720493445,0.5123239164735159,0.5727244461597133,0.2661017441795025,1.5659332391857337,2.052199237959508,0.9444078370101152,2.504401643029464,0,0.9883615104677608,-0.1521233861899167,-0.433883739117558,-0.9009688679024191
2018-12-07 06:40:00,0.063263050177262,0.5854222172373449,0.8884334316763568,0.1719591646475412,0.1459963720493445,0.4147694282415908,0.2020963737685875,0.4266959348342887,1.5037553647039932,1.947563286542851,1.123922231850305,2.9366947473506704,0,0.984807753012208,-0.1736481776669303,-0.433883739117558,-0.9009688679024191
2018-12-07 06:45:00,-0.03242076867771,0.4913101995328178,0.6647266109820836,0.2390519398595555,0.1459963720493445,0.3172149400095964,0.0785536829715163,0.3463988395068956,1.537175972237928,2.108480696676044,1.536898352622555,2.792597045910268,0,0.9807852804032304,-0.1950903220161282,-0.433883739117558,-0.9009688679024191
2018-12-07 06:50:00,0.3024725973147008,0.1619181375670234,0.5528732006349868,0.574515815919722,0.1459963720493445,0.2196604517776712,0.0785536829715163,0.4266959348342887,1.6980612224594327,2.16000597578273,1.443885712808985,2.2882550908688586,0,0.9762960071199334,-0.2164396139381028,-0.433883739117558,-0.9009688679024191
2018-12-07 06:55:00,0.4459983255971503,0.2560301552715505,0.2173129695936169,0.574515815919722,0.1459963720493445,0.4147694282415908,0.2020963737685875,0.6675872208165252,1.7050562333386277,2.01811328408893,1.4085409096798285,2.0721085387082567,0,0.9713420698132614,-0.2376858923261731,-0.433883739117558,-0.9009688679024191
2018-12-07 07:00:00,0.3981564161696728,-0.1674739243987375,0.2173129695936169,0.2390519398595555,0.1459963720493445,-0.4632209658459432,0.3256390645656148,0.7478843161439183,1.7851102467338689,1.9546975559576232,1.7843119745266507,1.9280108372678544,0,0.9659258262890684,-0.2588190451025206,-0.433883739117558,-0.9009688679024191
2018-12-07 07:05:00,0.0154211407497675,-0.0733619066942439,0.3291663799407137,0.104866389435527,0.1459963720493445,-0.2681119893820236,0.0167823375730027,0.5872901254891321,1.9965150199717872,2.1172003592940984,1.814076019266993,2.0000596879880543,0,0.9600498543859288,-0.2798290140309919,-0.433883739117558,-0.9009688679024191
2018-12-07 07:10:00,0.2067887784597286,-0.2145299332510177,0.10545955924652,-0.029319160988549,0.1459963720493445,-0.4632209658459432,-0.1067603532240684,0.5872901254891321,2.0913362785564416,1.9737222743970149,1.8717438559514064,1.855961986547652,0,0.9537169507482268,-0.3007057995042729,-0.433883739117558,-0.9009688679024191
2018-12-07 07:15:00,-0.128104587532682,0.020750111010283,0.3291663799407137,-0.029319160988549,0.1459963720493445,-0.5607754540778684,-0.3538457348181669,0.2661017441795025,2.1962614417443795,2.01811328408893,1.7759408369434295,2.1441573894284565,0,0.9469301294951056,-0.3214394653031616,-0.433883739117558,-0.9009688679024191
2018-12-07 07:20:00,-0.2237884063876543,0.0678061198625298,-0.4538074924891231,-0.1635047114125776,0.1459963720493445,-1.048547895237563,-0.6009311164122655,0.1055075535246591,2.486943004946517,2.2915936116551947,1.792683112109872,2.0721085387082567,0,0.9396926207859084,-0.3420201433256685,-0.433883739117558,-0.9009688679024191
2018-12-07 07:25:00,-0.1759464969601767,0.1619181375670234,-0.789367723530493,-0.2976902618366537,0.1459963720493445,-0.6583299423097935,-0.4773884256151941,0.1055075535246591,2.560002007462562,2.4390351795604843,2.114506845864824,1.7839131358274525,0,0.9320078692827986,-0.3624380382837016,-0.433883739117558,-0.9009688679024191
2018-12-07 07:30:00,-0.6543655912350541,-0.2145299332510177,-0.789367723530493,-0.2976902618366537,0.1459963720493445,-0.755884430541788,-0.6627024618107791,0.3463988395068956,2.7006794484775005,2.882945276479637,2.2735584599460283,2.1441573894284565,0,0.9238795325112868,-0.3826834323650895,-0.433883739117558,-0.9009688679024191
2018-12-07 07:35:00,-0.5108398629525874,-0.2145299332510177,-0.2301006717948499,-0.364783037048668,0.1459963720493445,-0.5607754540778684,-0.3538457348181669,0.025210458197266,2.462849078584842,2.4382424829588425,2.2363534040206003,1.9280108372678544,0,0.9153114791194472,-0.4027466898587371,-0.433883739117558,-0.9009688679024191
2018-12-07 07:40:00,-0.6543655912350541,-0.2145299332510177,-0.5656609028362198,-0.2305974866245919,0.1459963720493445,-0.5607754540778684,-0.4773884256151941,-0.2156808277849704,2.721664481115088,2.404156529088265,2.481906773128425,2.0000596879880543,0,0.90630778703665,-0.4226182617406993,-0.433883739117558,-0.9009688679024191
2018-12-07 07:45:00,-0.6543655912350541,-0.1674739243987375,-0.6775143131833168,-0.364783037048668,0.1459963720493445,-0.5607754540778684,-0.4773884256151941,-0.3762750184398136,2.756639535511067,2.2567149611829755,2.6949057183014995,1.9280108372678544,0,0.8968727415326884,-0.4422886902190011,-0.433883739117558,-0.9009688679024191
2018-12-07 07:50:00,-0.7978913195175037,-0.1674739243987375,-0.6775143131833168,-0.834432463532863,0.1459963720493445,-0.4632209658459432,-0.5391597710137517,-0.5368692090945999,2.539794198255997,2.1576278859778077,2.743272291004556,2.0721085387082567,0,0.8870108331782218,-0.4617486132350338,-0.433883739117558,-0.9009688679024191
2018-12-07 07:55:00,-0.462997953525093,-0.4027539686600383,-0.6775143131833168,-0.6331541378967727,0.1459963720493445,-0.3656664776140181,-0.3538457348181669,-0.2156808277849704,2.266988773967359,2.185372267035254,2.49585866910046,1.4236688822264485,0,0.8767267557075076,-0.4809887689193878,-0.433883739117558,-0.9009688679024191
2018-12-07 08:00:00,-0.5108398629525874,-0.5439219952168122,-0.5656609028362198,-0.4318758122606823,0.1459963720493445,-0.6583299423097935,-0.4156170802166805,-0.2156808277849704,2.357146691965883,2.187750356840178,2.746992796597099,1.7118642851072496,0,0.8660254037844387,-0.4999999999999998,-0.433883739117558,-0.9009688679024191
2018-12-07 08:05:00,-0.462997953525093,-0.8733140571826066,-0.2301006717948499,-0.6331541378967727,0.1459963720493445,-0.5607754540778684,-0.5391597710137517,-0.0550866371301841,2.07268291621192,2.433486303348994,2.7748965885411696,1.4957177329466478,0,0.8549118706729465,-0.5187732581605216,-0.433883739117558,-0.9009688679024191
2018-12-07 08:10:00,-0.0802626781052044,-0.9203700660348532,-0.4538074924891231,-0.5660613626847584,0.1459963720493445,-0.950993407005638,0.0167823375730027,-0.4565721137672067,2.254553199071012,2.44854753878018,2.644678892802172,1.1354734793456438,0,0.8433914458128858,-0.5372996083468236,-0.433883739117558,-0.9009688679024191
2018-12-07 08:15:00,0.063263050177262,-0.7321460306258327,-0.4538074924891231,-0.364783037048668,0.1459963720493445,-0.755884430541788,-0.4156170802166805,-0.5368692090945999,2.6081898601859117,2.5373295581640107,2.440981211610454,1.279571180786046,0,0.8314696123025451,-0.5555702330196023,-0.433883739117558,-0.9009688679024191
2018-12-07 08:20:00,-0.03242076867771,-0.5439219952168122,-0.2301006717948499,-0.4989685874727441,0.1459963720493445,-0.853438918773713,-0.6009311164122655,-0.6171663044220501,2.2623254333812284,2.426352033934222,2.49585866910046,0.8472780764648393,0,0.8191520442889917,-0.5735764363510462,-0.433883739117558,-0.9009688679024191
2018-12-07 08:25:00,-0.2237884063876543,-0.685090021773586,-0.1182472614477532,-0.4989685874727441,0.1459963720493445,-0.950993407005638,-0.6627024618107791,-1.179245971713916,2.086672937970312,2.4810480994474755,2.4484222227955392,1.63981543438705,0,0.8064446042674828,-0.5913096483635821,-0.433883739117558,-0.9009688679024191
2018-12-07 08:30:00,-0.3194722252426432,-0.4968659863645319,-0.0063938511006562,-0.5660613626847584,0.1459963720493445,-0.853438918773713,-0.7862451526078502,-0.7777604950768364,1.9219015705936988,2.6070868591084486,2.2363534040206003,1.63981543438705,0,0.7933533402912352,-0.6087614290087207,-0.433883739117558,-0.9009688679024191
2018-12-07 08:35:00,-0.1759464969601767,-0.2615859421032644,-0.0063938511006562,-0.4318758122606823,0.1459963720493445,-0.755884430541788,-0.2920743894196533,-0.5368692090945999,1.687957317856149,2.611843038718297,2.240073909613143,1.7118642851072496,0,0.7798844830928817,-0.6259234721840591,-0.433883739117558,-0.9009688679024191
2018-12-07 08:40:00,-0.3194722252426432,-0.0263058978419972,-0.5656609028362198,-0.4989685874727441,0.1459963720493445,-0.3656664776140181,-0.4156170802166805,-0.2959779231123636,1.542616536255081,2.546841917383708,2.498649048294867,1.7839131358274525,0,0.7660444431189783,-0.642787609686539,-0.433883739117558,-0.9009688679024191
2018-12-07 08:45:00,-0.6065236818075594,-0.4498099775122852,-0.5656609028362198,-0.2305974866245919,0.1459963720493445,-0.1705575011500986,-0.2303030440210958,0.1858046488520522,1.6553139337532352,2.370070575217687,2.2670475751590784,1.7118642851072496,0,0.7518398074789774,-0.6593458151000688,-0.433883739117558,-0.9009688679024191
2018-12-07 08:50:00,-0.558681772380065,-0.4027539686600383,-0.3419540821420261,0.1719591646475412,0.1459963720493445,-0.0730030129181733,-0.0449890078255108,0.1055075535246591,1.6351061245466705,2.467572257219573,2.1796156937343225,1.855961986547652,0,0.7372773368101241,-0.6755902076156602,-0.433883739117558,-0.9009688679024191
2018-12-07 08:55:00,-0.2237884063876543,0.0678061198625298,-0.0063938511006562,0.3732374902836316,0.1459963720493445,0.2196604517776712,0.14032502837003,-0.1353837324575773,1.8558375789568495,2.4826334926507583,2.11543697226296,2.0721085387082567,0,0.7223639620597556,-0.6915130557822693,-0.433883739117558,-0.9009688679024191
2018-12-07 09:00:00,-0.2237884063876543,-0.1204179155464908,-0.1182472614477532,0.0377736142235127,0.1459963720493445,-0.1705575011500986,0.6344957915582708,0.1055075535246591,1.995737796540766,2.06567508018741,1.7378056546198657,1.9280108372678544,0,0.7071067811865476,-0.7071067811865475,-0.433883739117558,-0.9009688679024191
2018-12-07 09:05:00,0.1589468690322341,-0.0733619066942439,-0.2301006717948499,0.1719591646475412,0.1459963720493445,-0.0730030129181733,0.5109531007611996,0.025210458197266,2.089004608263377,1.9055503666558595,1.792683112109872,1.5677665836668473,0,0.6915130557822694,-0.7223639620597555,-0.433883739117558,-0.9009688679024191
2018-12-07 09:10:00,0.1111049596047395,0.2560301552715505,-0.1182472614477532,0.104866389435527,0.1459963720493445,-0.1705575011500986,0.5109531007611996,0.3463988395068956,2.2133603572268585,1.7097543060504474,1.818726651257672,1.4236688822264485,0,0.6755902076156604,-0.737277336810124,-0.433883739117558,-0.9009688679024191
2018-12-07 09:15:00,0.1589468690322341,0.444254190680571,0.10545955924652,0.2390519398595555,0.1459963720493445,0.0245514753138209,0.7580384823552981,0.5069930301616818,2.021386169764484,1.5670689177550057,1.7257140114441016,1.0634246286254412,0,0.659345815100069,-0.7518398074789773,-0.433883739117558,-0.9009688679024191
2018-12-07 09:20:00,0.1111049596047395,0.6324782260895916,-0.2301006717948499,0.1719591646475412,0.1459963720493445,0.0245514753138209,0.8198098277538117,0.1055075535246591,1.8006547153543044,1.7596941919538518,1.7210633794534234,1.2075223300658433,0,0.6427876096865391,-0.7660444431189782,-0.433883739117558,-0.9009688679024191
2018-12-07 09:25:00,0.2546306878872062,0.5383662083850981,-0.1182472614477532,0.3061447150716174,0.1459963720493445,0.3172149400095964,1.005123863949397,0.3463988395068956,1.398052978085034,1.4124930804349434,1.5796841669367971,1.1354734793456438,0,0.6259234721840592,-0.7798844830928817,-0.433883739117558,-0.9009688679024191
2018-12-07 09:30:00,0.1589468690322341,0.3501421729760774,0.10545955924652,0.2390519398595555,0.1459963720493445,0.4147694282415908,0.5727244461597133,0.4266959348342887,1.4345824793430566,1.241270614480413,1.3648249689674508,1.855961986547652,0,0.6087614290087209,-0.793353340291235,-0.433883739117558,-0.9009688679024191
2018-12-07 09:35:00,0.5895240538796169,0.7265902437941186,0.4410197902878104,0.3732374902836316,0.1459963720493445,0.2196604517776712,0.3874104099641284,0.6675872208165252,1.2496033027598772,1.2571245465132392,1.342501935412194,1.3516200315062457,0,0.5913096483635822,-0.8064446042674827,-0.433883739117558,-0.9009688679024191
2018-12-07 09:40:00,0.8765755104445332,0.5854222172373449,0.6647266109820836,0.7087013663437505,0.1459963720493445,0.5123239164735159,0.449181755362686,0.6675872208165252,1.1275792240894618,1.3887121823857034,1.2364675260247244,1.63981543438705,0,0.5735764363510464,-0.8191520442889916,-0.433883739117558,-0.9009688679024191
2018-12-07 09:45:00,0.6373659633071116,0.8677582703508925,0.8884334316763568,1.1112580176159312,0.1459963720493445,0.5123239164735159,0.449181755362686,0.5069930301616818,0.9729117613161316,0.9590706242960948,0.950918721797065,1.4957177329466478,0,0.5555702330196025,-0.831469612302545,-0.433883739117558,-0.9009688679024191
2018-12-07 09:50:00,0.9244174198720276,1.1500943234644063,0.6647266109820836,1.044165242403917,0.1459963720493445,0.8049873811693606,0.7580384823552981,0.6675872208165252,1.0156590500223288,0.7775431025202264,0.8448843124095953,1.5677665836668473,0,0.5372996083468238,-0.8433914458128857,-0.433883739117558,-0.9009688679024191
2018-12-07 09:55:00,1.2593107858644386,0.961870288055386,0.5528732006349868,1.245443568040007,0.1459963720493445,0.9025418694012856,0.5727244461597133,0.8281814114713114,1.0988219571416564,1.0803532043472204,1.0904376815174197,1.5677665836668473,0,0.5187732581605218,-0.8549118706729464,-0.433883739117558,-0.9009688679024191
2018-12-07 10:00:00,1.307152695291916,0.961870288055386,0.6647266109820836,1.1783507928279455,0.1459963720493445,1.0976508458652052,0.3874104099641284,0.9084785067987616,0.9177288977135868,0.7537622044709862,0.8420939332151882,1.7118642851072496,0,0.4999999999999999,-0.8660254037844387,-0.433883739117558,-0.9009688679024191
2018-12-07 10:05:00,1.5463622424293548,1.338318358873427,1.223993662717647,1.245443568040007,0.1459963720493445,0.9025418694012856,0.6962671369567845,1.149369792780998,0.8532193529387809,0.5310144594097683,0.9992852945001214,1.7839131358274525,0,0.4809887689193876,-0.8767267557075077,-0.433883739117558,-0.9009688679024191
2018-12-07 10:10:00,1.4506784235743826,1.5265423942824814,1.1121402523705504,1.3125363432520216,0.1459963720493445,1.2927598223290555,1.1286665547464678,0.8281814114713114,0.9185061211446084,0.6348577142247847,1.2206553772564177,1.7118642851072496,0,0.4617486132350339,-0.8870108331782217,-0.433883739117558,-0.9009688679024191
2018-12-07 10:15:00,1.5463622424293548,1.573598403134728,1.4477004834119205,1.3125363432520216,2.153422224457177,1.000096357633211,1.005123863949397,0.9887756021261548,1.0024462516949586,0.7101638913807125,0.8886002531219731,1.7118642851072496,0,0.4422886902190017,-0.8968727415326881,-0.433883739117558,-0.9009688679024191
2018-12-07 10:20:00,1.5942041518568493,1.573598403134728,2.006967535147484,1.3125363432520216,2.153422224457177,1.000096357633211,1.252209245543495,1.6311523647454138,0.7366358382855172,0.6459554666477635,0.8523253235946809,1.0634246286254412,0,0.4226182617406995,-0.90630778703665,-0.433883739117558,-0.9009688679024191
2018-12-07 10:25:00,1.3549946047194106,1.4324303765779542,1.8951141248003875,1.4467218936760975,2.153422224457177,1.2927598223290555,1.252209245543495,1.7917465554002572,0.5345577462198599,0.97413185972728,0.5546848761912574,1.1354734793456438,0,0.4027466898587373,-0.9153114791194472,-0.433883739117558,-0.9009688679024191
2018-12-07 10:30:00,1.5463622424293548,1.714766429691502,1.7832607144532904,1.7150929945242024,2.153422224457177,1.3903143105610498,1.1904379001449814,1.7114494600728638,0.4583898499797277,0.7228470370069737,0.4821350171366729,1.279571180786046,0,0.3826834323650899,-0.9238795325112868,-0.433883739117558,-0.9009688679024191
2018-12-07 10:35:00,1.5942041518568493,1.4794863854302012,1.5595538937590172,1.3125363432520216,2.153422224457177,1.2927598223290555,0.943352518550883,1.87204365072765,0.2407672892936351,0.6911391729413207,0.5184099466639651,1.4957177329466478,0,0.3624380382837013,-0.9320078692827988,-0.433883739117558,-0.9009688679024191
2018-12-07 10:40:00,1.3549946047194106,1.714766429691502,1.5595538937590172,1.1783507928279455,2.153422224457177,1.2927598223290555,1.375751936340566,1.7917465554002572,0.6418145797008628,0.9717537699223558,0.5453836122099005,1.9280108372678544,0,0.3420201433256689,-0.9396926207859084,-0.433883739117558,-0.9009688679024191
2018-12-07 10:45:00,1.115785057581972,1.714766429691502,2.006967535147484,1.1783507928279455,2.153422224457177,1.7805322634888197,1.375751936340566,1.7114494600728638,0.5570972257194908,0.6800414205183418,0.6393263784216059,2.576450493749663,0,0.3214394653031617,-0.9469301294951056,-0.433883739117558,-0.9009688679024191
2018-12-07 10:50:00,1.307152695291916,1.385374367725707,1.7832607144532904,1.1783507928279455,0.1459963720493445,1.487868798792975,1.43752328173908,0.9887756021261548,0.4576126265487056,0.4232077215865456,0.5704970249595642,2.216206240148659,0,0.3007057995042733,-0.9537169507482268,-0.433883739117558,-0.9009688679024191
2018-12-07 10:55:00,1.3549946047194106,1.714766429691502,1.4477004834119205,1.3125363432520216,2.153422224457177,1.0976508458652052,1.3139805909420526,1.4705581740906275,0.2493167470348744,0.5563807506622913,0.747221040605347,1.5677665836668473,0,0.2798290140309927,-0.9600498543859284,-0.433883739117558,-0.9009688679024191
2018-12-07 11:00:00,1.211468876436944,1.9500464739527688,1.671407304106114,1.4467218936760975,2.153422224457177,1.487868798792975,1.252209245543495,1.7917465554002572,0.2975045997582237,0.3819874983011959,0.5853790473297354,2.1441573894284565,0,0.258819045102521,-0.9659258262890682,-0.433883739117558,-0.9009688679024191
2018-12-07 11:05:00,1.5942041518568493,1.8088784473959956,1.8951141248003875,1.379629118464036,0.1459963720493445,1.5854232870249003,1.375751936340566,2.0326378413824937,0.2361039487075049,0.3629627798618036,0.3826114925361532,1.855961986547652,0,0.2376858923261729,-0.9713420698132614,-0.433883739117558,-0.9009688679024191
2018-12-07 11:10:00,1.737729880139299,1.714766429691502,1.671407304106114,1.4467218936760975,0.1459963720493445,1.878086751720745,1.43752328173908,1.7917465554002572,0.2306633846903525,0.4089391827570013,0.4542312251926019,1.2075223300658433,0,0.2164396139381031,-0.9762960071199333,-0.433883739117558,-0.9009688679024191
2018-12-07 11:15:00,1.833413698994288,1.7618224385437486,1.4477004834119205,1.983464095372307,0.1459963720493445,1.6829777752568251,1.1904379001449814,1.9523407460550437,0.8267937562840408,0.5484537846458784,0.2356515216307129,1.3516200315062457,0,0.1950903220161281,-0.9807852804032304,-0.433883739117558,-0.9009688679024191
2018-12-07 11:20:00,1.833413698994288,1.573598403134728,1.4477004834119205,2.117649645796336,2.153422224457177,1.6829777752568251,1.3139805909420526,1.7114494600728638,0.9029616525241736,0.7474206316578555,0.2356515216307129,1.7118642851072496,0,0.1736481776669302,-0.984807753012208,-0.433883739117558,-0.9009688679024191
2018-12-07 11:25:00,1.5463622424293548,1.6677104208392215,1.671407304106114,1.849278544948231,2.153422224457177,1.878086751720745,1.1904379001449814,1.7114494600728638,0.7063241244756686,0.8274829884236318,0.2356515216307129,1.4236688822264485,0,0.152123386189917,-0.9883615104677608,-0.433883739117558,-0.9009688679024191
2018-12-07 11:30:00,1.4028365141469052,1.7618224385437486,1.671407304106114,1.849278544948231,2.153422224457177,1.7805322634888197,1.375751936340566,1.5508552694180209,0.6962202198723855,0.6419919836395569,0.2356515216307129,1.279571180786046,0,0.130526192220052,-0.9914448613738104,-0.433883739117558,-0.9009688679024191
2018-12-07 11:35:00,1.7855717895667935,1.7618224385437486,1.671407304106114,1.7150929945242024,2.153422224457177,1.487868798792975,1.561065972536151,1.7917465554002572,0.3581280273779205,0.7656526534956068,0.2356515216307129,1.2075223300658433,0,0.1088668748519645,-0.9940563382223196,-0.433883739117558,-0.9009688679024191
2018-12-07 11:40:00,1.833413698994288,1.8088784473959956,1.4477004834119205,1.782185769736217,2.153422224457177,1.5854232870249003,1.9316940449272768,1.87204365072765,0.3760041662914212,0.5468683914425955,0.2356515216307129,1.63981543438705,0,0.0871557427476582,-0.9961946980917455,-0.433883739117558,-0.9009688679024191
2018-12-07 11:45:00,1.5942041518568493,1.7618224385437486,1.4477004834119205,1.782185769736217,2.153422224457177,1.2927598223290555,1.8699226995287632,1.4705581740906275,0.2026833411735688,0.7299813064217462,0.2356515216307129,1.7118642851072496,0,0.0654031292301431,-0.9978589232386036,-0.433883739117558,-0.9009688679024191
2018-12-07 11:50:00,1.6420460612843268,1.6206544119869748,1.3358470730648235,1.916371320160245,2.153422224457177,1.2927598223290555,1.8699226995287632,1.309963983435784,0.0285852926246952,0.3772313186913477,0.2356515216307129,1.855961986547652,0,0.0436193873653356,-0.9990482215818578,-0.433883739117558,-0.9009688679024191
2018-12-07 11:55:00,1.7855717895667935,1.6677104208392215,1.5595538937590172,2.0505568705843213,2.153422224457177,1.000096357633211,1.622837317934665,1.5508552694180209,0.1560499353122637,0.1838133478908599,0.2356515216307129,1.7839131358274525,0,0.0218148850345612,-0.9997620270799092,-0.433883739117558,-0.9009688679024191
2018-12-07 12:00:00,1.6898879707118213,2.138270509361789,1.8951141248003875,1.782185769736217,2.153422224457177,1.000096357633211,1.9316940449272768,1.3902610787631773,0.3371429947403332,0.0173470615461776,0.2356515216307129,1.855961986547652,0,1.2246467991473532e-16,-1.0,-0.433883739117558,-0.9009688679024191
2018-12-07 12:05:00,1.7855717895667935,1.9029904651005225,2.006967535147484,1.782185769736217,2.153422224457177,0.7074328929374355,1.746380008731736,1.6311523647454138,0.3550191336538335,0.2662537944615597,0.2356515216307129,1.4957177329466478,0,-0.0218148850345609,-0.9997620270799092,-0.433883739117558,-0.9009688679024191
2018-12-07 12:10:00,2.0247813367042324,1.855934456248276,1.8951141248003875,1.4467218936760975,2.153422224457177,0.8049873811693606,1.9934653903258344,1.6311523647454138,0.3744497194293774,0.221070088168003,0.2356515216307129,2.0000596879880543,0,-0.0436193873653353,-0.9990482215818578,-0.433883739117558,-0.9009688679024191
2018-12-07 12:15:00,2.3118327932691485,1.573598403134728,1.7832607144532904,1.782185769736217,2.153422224457177,0.9025418694012856,2.117008081122861,1.3902610787631773,0.142059913553872,0.1354588551907379,0.2356515216307129,1.855961986547652,0,-0.0654031292301428,-0.9978589232386036,-0.433883739117558,-0.9009688679024191
2018-12-07 12:20:00,1.833413698994288,1.573598403134728,1.8951141248003875,1.7150929945242024,2.153422224457177,1.000096357633211,1.8699226995287632,1.5508552694180209,0.4265236893078353,-0.0706422612360115,0.2356515216307129,1.63981543438705,0,-0.0871557427476579,-0.9961946980917455,-0.433883739117558,-0.9009688679024191
2018-12-07 12:25:00,2.0247813367042324,1.7618224385437486,1.5595538937590172,1.7150929945242024,2.153422224457177,1.0976508458652052,2.3023221173184467,1.7917465554002572,0.2765195671206361,-0.1610096738231248,0.2356515216307129,1.1354734793456438,0,-0.1088668748519643,-0.9940563382223196,-0.433883739117558,-0.9009688679024191
2018-12-07 12:30:00,2.07262324613171,1.4794863854302012,1.4477004834119205,0.9770724671919028,0.1459963720493445,1.0976508458652052,2.3023221173184467,1.7917465554002572,0.2757423436896145,0.0728358236610718,0.2356515216307129,1.0634246286254412,0,-0.1305261922200517,-0.9914448613738104,-0.433883739117558,-0.9009688679024191
2018-12-07 12:35:00,2.07262324613171,1.6206544119869748,1.8951141248003875,1.379629118464036,2.153422224457177,1.2927598223290555,1.9316940449272768,1.9523407460550437,0.3449152290505509,-0.1443630451886566,0.2356515216307129,1.0634246286254412,0,-0.1521233861899168,-0.9883615104677608,-0.433883739117558,-0.9009688679024191
2018-12-07 12:40:00,1.833413698994288,1.4324303765779542,1.671407304106114,1.6480002193121406,2.153422224457177,1.487868798792975,1.8699226995287632,1.9523407460550437,0.1133026466060667,-0.1618023704247659,0.2356515216307129,0.8472780764648393,0,-0.17364817766693,-0.984807753012208,-0.433883739117558,-0.9009688679024191
2018-12-07 12:45:00,1.92909751784926,1.6677104208392215,1.5595538937590172,1.7150929945242024,2.153422224457177,1.7805322634888197,1.9934653903258344,2.2735291273647302,0.3861080708947042,0.0680796440512235,0.2356515216307129,0.4870338228638322,0,-0.1950903220161279,-0.9807852804032304,-0.433883739117558,-0.9009688679024191
2018-12-07 12:50:00,1.7855717895667935,1.5265423942824814,1.671407304106114,1.3125363432520216,2.153422224457177,1.6829777752568251,2.240550771919933,1.87204365072765,0.3690091554122251,0.3320476123977911,0.2356515216307129,0.4870338228638322,0,-0.2164396139381029,-0.9762960071199334,-0.433883739117558,-0.9009688679024191
2018-12-07 12:55:00,1.92909751784926,1.714766429691502,1.671407304106114,1.1112580176159312,2.153422224457177,1.7805322634888197,2.117008081122861,2.353826222692123,0.0316941863487821,0.4644279448718957,0.2356515216307129,0.6311315243042344,0,-0.2376858923261727,-0.9713420698132617,-0.433883739117558,-0.9009688679024191
2018-12-07 13:00:00,1.9769394272767375,1.997102482805016,1.7832607144532904,1.4467218936760975,2.153422224457177,1.878086751720745,2.117008081122861,2.0326378413824937,-0.1175327124073954,0.4660133380751786,0.2356515216307129,0.4870338228638322,0,-0.2588190451025208,-0.9659258262890684,-0.433883739117558,-0.9009688679024191
2018-12-07 13:05:00,2.2161489744141765,1.855934456248276,1.4477004834119205,1.4467218936760975,2.153422224457177,1.5854232870249003,1.8699226995287632,2.19323203203728,0.1599360524673723,0.5563807506622913,0.2356515216307129,0.2708872707032305,0,-0.2798290140309925,-0.9600498543859286,-0.433883739117558,-0.9009688679024191
2018-12-07 13:10:00,2.2639908838416707,2.044158491657297,1.7832607144532904,1.5809074441001263,2.153422224457177,1.7805322634888197,2.055236735724348,2.112934936709886,0.3861080708947042,0.2908273891124415,0.2356515216307129,0.4149849721436327,0,-0.300705799504273,-0.9537169507482268,-0.433883739117558,-0.9009688679024191
2018-12-07 13:15:00,1.7855717895667935,1.6677104208392215,2.006967535147484,1.782185769736217,2.153422224457177,1.3903143105610498,1.9316940449272768,2.112934936709886,0.0596742298655654,0.4541228890505581,0.2356515216307129,0.1267895692628282,0,-0.3214394653031615,-0.9469301294951056,-0.433883739117558,-0.9009688679024191
2018-12-07 13:20:00,1.7855717895667935,1.6677104208392215,2.230674355841757,1.916371320160245,2.153422224457177,1.5854232870249003,2.117008081122861,2.19323203203728,-0.1027654672179823,0.4469886196357863,0.2356515216307129,0.2708872707032305,0,-0.3420201433256686,-0.9396926207859084,-0.433883739117558,-0.9009688679024191
2018-12-07 13:25:00,2.07262324613171,1.997102482805016,1.8951141248003875,2.184742421008397,2.153422224457177,2.0731957281845954,1.6846086633331785,2.0326378413824937,-0.0281520178398935,-0.085703496667197,0.2356515216307129,0.4870338228638322,0,-0.3624380382837011,-0.9320078692827988,-0.433883739117558,-0.9009688679024191
2018-12-07 13:30:00,1.737729880139299,1.997102482805016,1.8951141248003875,1.7150929945242024,2.153422224457177,2.0731957281845954,1.622837317934665,1.7114494600728638,-0.1392949684760047,0.1528981804268474,0.2356515216307129,0.6311315243042344,0,-0.3826834323650896,-0.9238795325112868,-0.433883739117558,-0.9009688679024191
2018-12-07 13:35:00,1.737729880139299,1.997102482805016,1.7832607144532904,1.782185769736217,2.153422224457177,2.2683047046485147,1.9934653903258344,1.5508552694180209,-0.0048353149092403,-0.1300945063591123,0.2356515216307129,0.7031803750244372,0,-0.4027466898587371,-0.9153114791194472,-0.433883739117558,-0.9009688679024191
2018-12-07 13:40:00,1.833413698994288,2.091214500509543,1.671407304106114,1.849278544948231,2.153422224457177,2.2683047046485147,1.9934653903258344,1.5508552694180209,-0.2255667693194198,-0.0975939456918175,0.2356515216307129,0.7752292257446367,0,-0.4226182617406993,-0.90630778703665,-0.433883739117558,-0.9009688679024191
2018-12-07 13:45:00,1.4028365141469052,2.1853265182140698,1.5595538937590172,1.916371320160245,2.153422224457177,1.9756412399526704,1.8081513541302496,1.7114494600728638,0.1070848591578926,-0.0500321495933369,0.2356515216307129,0.5590826735840349,0,-0.4422886902190014,-0.8968727415326883,-0.433883739117558,-0.9009688679024191
2018-12-07 13:50:00,1.5942041518568493,2.3735505536230908,1.671407304106114,1.5809074441001263,2.153422224457177,1.878086751720745,1.4992946271376375,1.4705581740906275,-0.0265975709778496,0.1671667192563916,0.2356515216307129,0.4870338228638322,0,-0.4617486132350341,-0.8870108331782216,-0.433883739117558,-0.9009688679024191
2018-12-07 13:55:00,1.5463622424293548,1.8088784473959956,1.223993662717647,1.4467218936760975,2.153422224457177,1.5854232870249003,1.561065972536151,1.4705581740906275,0.227554490966265,0.3534504206421076,0.2356515216307129,0.34293612142343,0,-0.4809887689193874,-0.8767267557075078,-0.433883739117558,-0.9009688679024191
2018-12-07 14:00:00,1.6898879707118213,1.7618224385437486,1.3358470730648235,1.1112580176159312,2.153422224457177,1.487868798792975,1.9316940449272768,1.6311523647454138,0.3946575286359436,0.3693043526749342,0.2356515216307129,0.9193269271850388,0,-0.4999999999999997,-0.8660254037844388,-0.433883739117558,-0.9009688679024191
2018-12-07 14:05:00,1.7855717895667935,1.1971503323166868,1.5595538937590172,1.245443568040007,2.153422224457177,1.487868798792975,2.672950189709616,1.9523407460550437,0.607616748735905,0.4121099691635667,0.2356515216307129,0.4870338228638322,0,-0.5187732581605216,-0.8549118706729465,-0.433883739117558,-0.9009688679024191
2018-12-07 14:10:00,1.737729880139299,1.573598403134728,1.671407304106114,1.245443568040007,2.153422224457177,1.5854232870249003,2.3023221173184467,2.19323203203728,0.4661620842899449,0.4113172725619255,0.2356515216307129,0.34293612142343,0,-0.5372996083468236,-0.8433914458128858,-0.433883739117558,-0.9009688679024191
2018-12-07 14:15:00,1.7855717895667935,1.9029904651005225,1.5595538937590172,1.379629118464036,2.153422224457177,1.7805322634888197,2.117008081122861,2.0326378413824937,0.2936184826031146,0.3169863769666057,0.2356515216307129,0.34293612142343,0,-0.555570233019602,-0.8314696123025455,-0.433883739117558,-0.9009688679024191
2018-12-07 14:20:00,1.5942041518568493,1.8088784473959956,1.671407304106114,1.6480002193121406,2.153422224457177,2.0731957281845954,1.622837317934665,2.112934936709886,0.1622677227604376,0.0490549256118312,0.2356515216307129,-0.0893569828977767,0,-0.5735764363510458,-0.819152044288992,-0.433883739117558,-0.9009688679024191
2018-12-07 14:25:00,1.6420460612843268,1.9029904651005225,1.671407304106114,1.3125363432520216,2.153422224457177,1.6829777752568251,1.561065972536151,2.0326378413824937,0.260197875069179,-0.1673512466362554,0.2356515216307129,0.4870338228638322,0,-0.5913096483635824,-0.8064446042674825,-0.433883739117558,-0.9009688679024191
2018-12-07 14:30:00,1.5942041518568493,1.7618224385437486,1.671407304106114,1.4467218936760975,2.153422224457177,1.7805322634888197,1.9934653903258344,1.7917465554002572,0.42419201901477,-0.0619225986179567,0.2356515216307129,0.34293612142343,0,-0.6087614290087207,-0.7933533402912352,-0.433883739117558,-0.9009688679024191
2018-12-07 14:35:00,1.737729880139299,2.044158491657297,2.1188209454946603,1.849278544948231,2.153422224457177,1.878086751720745,1.9934653903258344,1.6311523647454138,0.1918022131392646,-0.0619225986179567,0.2356515216307129,0.2708872707032305,0,-0.6259234721840591,-0.7798844830928818,-0.433883739117558,-0.9009688679024191
2018-12-07 14:40:00,1.7855717895667935,2.1853265182140698,1.8951141248003875,1.782185769736217,2.153422224457177,1.9756412399526704,1.9934653903258344,1.7114494600728638,0.3177124089647893,0.0783846998725612,0.2356515216307129,0.1267895692628282,0,-0.6427876096865389,-0.7660444431189783,-0.433883739117558,-0.9009688679024191
2018-12-07 14:45:00,1.5942041518568493,2.044158491657297,1.7832607144532904,1.983464095372307,2.153422224457177,1.7805322634888197,1.9316940449272768,1.7917465554002572,0.0845453796582618,-0.0230804651375309,0.2356515216307129,0.2708872707032305,0,-0.6593458151000688,-0.7518398074789774,-0.433883739117558,-0.9009688679024191
2018-12-07 14:50:00,1.4985203330018773,1.8088784473959956,1.7832607144532904,1.7150929945242024,2.153422224457177,1.5854232870249003,1.9934653903258344,1.7114494600728638,0.1980200005874386,-0.1713147296444626,0.2356515216307129,-0.5216500872189802,0,-0.6755902076156601,-0.7372773368101241,-0.433883739117558,-0.9009688679024191
2018-12-07 14:55:00,1.4506784235743826,1.7618224385437486,1.671407304106114,1.782185769736217,2.153422224457177,1.6829777752568251,1.3139805909420526,1.7114494600728638,0.2089011286217432,0.0022858261149921,0.2356515216307129,-0.3775523857785781,0,-0.691513055782269,-0.722363962059756,-0.433883739117558,-0.9009688679024191
2018-12-07 15:00:00,1.5463622424293548,2.091214500509543,1.671407304106114,1.7150929945242024,2.153422224457177,2.0731957281845954,1.6846086633331785,1.7114494600728638,0.3775586131534644,0.1758863818744463,0.2356515216307129,0.0547407185426255,0,-0.7071067811865471,-0.7071067811865479,-0.433883739117558,-0.9009688679024191
2018-12-07 15:05:00,1.6420460612843268,2.138270509361789,1.4477004834119205,1.983464095372307,2.153422224457177,2.170750216416589,2.055236735724348,1.6311523647454138,0.3332568775852247,0.3130228939583986,0.2356515216307129,-0.1614058336179762,0,-0.7223639620597557,-0.6915130557822692,-0.433883739117558,-0.9009688679024191
2018-12-07 15:10:00,1.6420460612843268,2.138270509361789,1.7832607144532904,1.7150929945242024,2.153422224457177,2.170750216416589,1.4992946271376375,1.3902610787631773,0.2734106733965491,0.2305824473876989,0.2356515216307129,-0.1614058336179762,0,-0.7372773368101239,-0.6755902076156604,-0.433883739117558,-0.9009688679024191
2018-12-07 15:15:00,1.737729880139299,1.997102482805016,1.7832607144532904,1.983464095372307,2.153422224457177,1.6829777752568251,1.43752328173908,1.7114494600728638,0.1024215185717619,0.2432655930139607,0.2356515216307129,-0.3775523857785781,0,-0.7518398074789773,-0.6593458151000691,-0.433883739117558,-0.9009688679024191
2018-12-07 15:20:00,1.6420460612843268,1.6206544119869748,1.671407304106114,1.849278544948231,2.153422224457177,1.878086751720745,1.43752328173908,1.87204365072765,-0.0335925818570457,0.2464363794205261,0.2858783471300405,0.1267895692628282,0,-0.7660444431189779,-0.6427876096865395,-0.433883739117558,-0.9009688679024191
2018-12-07 15:25:00,1.4985203330018773,1.573598403134728,1.5595538937590172,1.4467218936760975,2.153422224457177,1.2927598223290555,1.375751936340566,1.7917465554002572,-0.0973249032008298,0.35503581384539,0.4319081916373452,0.0547407185426255,0,-0.7798844830928814,-0.6259234721840596,-0.433883739117558,-0.9009688679024191
2018-12-07 15:30:00,1.307152695291916,1.573598403134728,1.671407304106114,1.513814668888112,2.153422224457177,1.487868798792975,1.375751936340566,1.87204365072765,-0.2302301099055501,0.3930852507241749,0.3100616334815687,-0.3775523857785781,0,-0.7933533402912349,-0.6087614290087209,-0.433883739117558,-0.9009688679024191
2018-12-07 15:35:00,1.3549946047194106,1.573598403134728,1.671407304106114,1.4467218936760975,2.153422224457177,1.5854232870249003,1.4992946271376375,1.6311523647454138,-0.1641661182687011,0.3106448041534752,0.4495805932019234,-0.5216500872189802,0,-0.8064446042674827,-0.5913096483635822,-0.433883739117558,-0.9009688679024191
2018-12-07 15:40:00,1.307152695291916,1.338318358873427,1.671407304106114,1.379629118464036,2.153422224457177,1.1952053340971305,1.4992946271376375,1.7114494600728638,0.3278163135680724,0.3843655881061201,0.6244443560514348,-0.3775523857785781,0,-0.8191520442889916,-0.5735764363510464,-0.433883739117558,-0.9009688679024191
2018-12-07 15:45:00,1.881255608421765,1.573598403134728,1.671407304106114,1.1112580176159312,2.153422224457177,1.5854232870249003,1.43752328173908,1.9523407460550437,0.2026833411735688,0.3431453648207699,0.5072484298863368,-0.233454684338179,0,-0.8314696123025452,-0.5555702330196022,-0.433883739117558,-0.9009688679024191
2018-12-07 15:50:00,2.2161489744141765,1.4324303765779542,1.4477004834119205,1.1783507928279455,2.153422224457177,1.487868798792975,1.252209245543495,1.7917465554002572,0.3977664223600305,0.5444903016376713,0.5156195674695581,-0.233454684338179,0,-0.8433914458128859,-0.5372996083468234,-0.433883739117558,-0.9009688679024191
2018-12-07 15:55:00,2.120465155559204,1.5265423942824814,1.3358470730648235,1.245443568040007,2.153422224457177,1.5854232870249003,1.4992946271376375,2.0326378413824937,0.505800479272055,0.5706492894918356,0.3928428829156458,-0.017308132177574,0,-0.8549118706729466,-0.5187732581605214,-0.433883739117558,-0.9009688679024191
2018-12-07 16:00:00,1.7855717895667935,1.714766429691502,1.4477004834119205,1.1783507928279455,2.153422224457177,1.3903143105610498,1.375751936340566,1.7917465554002572,0.6464779202869929,0.7854700685366405,0.5398028538210862,-0.017308132177574,0,-0.8660254037844385,-0.5000000000000004,-0.433883739117558,-0.9009688679024191
2018-12-07 16:05:00,1.6898879707118213,1.6677104208392215,1.5595538937590172,1.1783507928279455,2.153422224457177,1.2927598223290555,1.005123863949397,1.7114494600728638,0.470048201445054,0.5365633356212578,0.4681831211646374,0.0547407185426255,0,-0.8767267557075072,-0.4809887689193884,-0.433883739117558,-0.9009688679024191
2018-12-07 16:10:00,1.6898879707118213,1.6677104208392215,1.7832607144532904,1.5809074441001263,2.153422224457177,1.2927598223290555,1.375751936340566,1.6311523647454138,0.653472931166189,0.5460756948409542,0.2356515216307129,0.0547407185426255,0,-0.8870108331782218,-0.4617486132350336,-0.433883739117558,-0.9009688679024191
2018-12-07 16:15:00,1.1636269670094666,1.4324303765779542,1.671407304106114,1.5809074441001263,2.153422224457177,0.9025418694012856,1.1904379001449814,1.4705581740906275,0.8602143638179764,0.4184515419766978,0.3649390909715749,0.0547407185426255,0,-0.8968727415326883,-0.4422886902190013,-0.433883739117558,-0.9009688679024191
2018-12-07 16:20:00,1.2593107858644386,1.6677104208392215,1.4477004834119205,1.782185769736217,0.1459963720493445,0.8049873811693606,1.252209245543495,1.149369792780998,0.5633150131676647,0.3415599716174876,0.3556378269902179,0.1267895692628282,0,-0.9063077870366496,-0.4226182617406999,-0.433883739117558,-0.9009688679024191
2018-12-07 16:25:00,1.020101238727,1.714766429691502,1.5595538937590172,2.117649645796336,0.1459963720493445,1.2927598223290555,1.1904379001449814,1.4705581740906275,0.6962202198723855,0.3962560371307402,0.7165268694668689,0.7031803750244372,0,-0.9153114791194472,-0.4027466898587373,-0.433883739117558,-0.9009688679024191
2018-12-07 16:30:00,1.020101238727,1.9500464739527688,1.1121402523705504,1.5809074441001263,0.1459963720493445,0.7074328929374355,1.375751936340566,1.6311523647454138,0.6993291135964724,0.2765588502828974,0.7397800294202614,0.4149849721436327,0,-0.9238795325112868,-0.3826834323650895,-0.433883739117558,-0.9009688679024191
2018-12-07 16:35:00,0.9244174198720276,1.855934456248276,1.0002868420234536,1.5809074441001263,0.1459963720493445,1.000096357633211,1.3139805909420526,1.7114494600728638,0.7008835604585162,0.5936374909394351,0.7741947061512823,0.1988384199830277,0,-0.9320078692827984,-0.3624380382837018,-0.433883739117558,-0.9009688679024191
2018-12-07 16:40:00,1.020101238727,1.338318358873427,0.8884334316763568,1.245443568040007,0.1459963720493445,1.487868798792975,1.252209245543495,1.2296668881083912,0.4288553596009007,0.9558998378895288,0.7221076278556832,0.34293612142343,0,-0.9396926207859084,-0.3420201433256685,-0.433883739117558,-0.9009688679024191
2018-12-07 16:45:00,0.9722593292995224,0.9148142792031392,0.5528732006349868,1.1783507928279455,0.1459963720493445,1.2927598223290555,1.005123863949397,1.149369792780998,0.6760124106658199,0.8306537748301965,0.6867628247265265,0.2708872707032305,0,-0.9469301294951056,-0.3214394653031618,-0.433883739117558,-0.9009688679024191
2018-12-07 16:50:00,1.020101238727,1.0559823057599131,0.6647266109820836,1.1112580176159312,0.1459963720493445,1.0976508458652052,1.1286665547464678,1.2296668881083912,0.990787900229632,0.9416312990599852,0.8141901412711172,-0.017308132177574,0,-0.9537169507482268,-0.3007057995042738,-0.433883739117558,-0.9009688679024191
2018-12-07 16:55:00,1.211468876436944,1.1500943234644063,0.7765800213291805,1.3125363432520216,0.1459963720493445,1.3903143105610498,0.6962671369567845,1.0690726974535478,1.265924994811335,0.7371155758365184,0.8486048180021382,0.1988384199830277,0,-0.9600498543859286,-0.2798290140309923,-0.433883739117558,-0.9009688679024191
2018-12-07 17:00:00,1.2593107858644386,0.8677582703508925,0.4410197902878104,1.3125363432520216,0.1459963720493445,1.6829777752568251,0.5727244461597133,0.7478843161439183,1.1726581830887235,0.6166256923870339,0.7946574869102676,0.4870338228638322,0,-0.9659258262890684,-0.2588190451025206,-0.433883739117558,-0.9009688679024191
2018-12-07 17:05:00,1.4985203330018773,1.338318358873427,1.0002868420234536,1.7150929945242024,0.1459963720493445,1.487868798792975,0.6344957915582708,1.0690726974535478,1.0203223906084595,0.5872959181263038,0.6569987799861843,0.5590826735840349,0,-0.9713420698132612,-0.2376858923261734,-0.433883739117558,-0.9009688679024191
2018-12-07 17:10:00,1.211468876436944,1.2912623500211804,1.1121402523705504,1.1783507928279455,0.1459963720493445,1.000096357633211,0.3874104099641284,1.2296668881083912,1.0273174014876545,0.6507116462576117,0.7258281334482259,0.6311315243042344,0,-0.9762960071199334,-0.2164396139381028,-0.433883739117558,-0.9009688679024191
2018-12-07 17:15:00,1.3549946047194106,1.0559823057599131,1.3358470730648235,1.3125363432520216,0.1459963720493445,0.7074328929374355,0.3874104099641284,0.7478843161439183,1.0723963604869162,0.6515043428592528,1.0485819936013132,-0.0893569828977767,0,-0.9807852804032304,-0.1950903220161286,-0.433883739117558,-0.9009688679024191
2018-12-07 17:20:00,0.9722593292995224,0.961870288055386,1.223993662717647,1.1783507928279455,0.1459963720493445,0.9025418694012856,0.3256390645656148,0.6675872208165252,1.398830201516055,0.7973605175612599,1.1034594510913196,-0.3055035350583786,0,-0.984807753012208,-0.1736481776669312,-0.433883739117558,-0.9009688679024191
2018-12-07 17:25:00,0.5416821444521225,1.0559823057599131,1.0002868420234536,0.9770724671919028,0.1459963720493445,0.8049873811693606,0.3256390645656148,0.5872901254891321,1.535621525375885,1.0296206218421744,0.9732417553523216,-0.4496012364987807,0,-0.9883615104677608,-0.1521233861899162,-0.433883739117558,-0.9009688679024191
2018-12-07 17:30:00,0.685207872734589,1.2442063411689337,1.0002868420234536,0.9099796919798409,0.1459963720493445,0.7074328929374355,0.5109531007611996,0.9887756021261548,1.8605009195429796,1.3046863426117206,1.033699971231142,-0.5216500872189802,0,-0.9914448613738104,-0.1305261922200516,-0.433883739117558,-0.9009688679024191
2018-12-07 17:35:00,0.9244174198720276,1.2442063411689337,0.8884334316763568,0.9770724671919028,0.1459963720493445,0.5123239164735159,0.3874104099641284,0.9084785067987616,1.857392025818893,1.3435284760921462,1.2271662620433674,-0.0893569828977767,0,-0.9940563382223196,-0.108866874851965,-0.433883739117558,-0.9009688679024191
2018-12-07 17:40:00,0.6373659633071116,1.385374367725707,0.8884334316763568,0.9099796919798409,0.1459963720493445,0.2196604517776712,0.2638677191671011,0.6675872208165252,1.7757835655616083,1.6526801507322708,1.281113593135238,-0.4496012364987807,0,-0.9961946980917455,-0.0871557427476582,-0.433883739117558,-0.9009688679024191
2018-12-07 17:45:00,0.685207872734589,1.2442063411689337,0.8884334316763568,1.044165242403917,0.1459963720493445,0.2196604517776712,0.3874104099641284,0.2661017441795025,1.9786388810582876,1.755730708945645,1.3434320618103297,-0.7377966393795852,0,-0.9978589232386036,-0.0654031292301427,-0.433883739117558,-0.9009688679024191
2018-12-07 17:50:00,0.4459983255971503,1.1030383146121598,0.5528732006349868,1.1112580176159312,0.1459963720493445,0.3172149400095964,-0.2303030440210958,0.1055075535246591,1.994960573109744,2.1544570995712418,1.574103408547983,-0.8098454900997847,0,-0.9990482215818578,-0.0436193873653361,-0.433883739117558,-0.9009688679024191
2018-12-07 17:55:00,0.5895240538796169,0.7265902437941186,0.5528732006349868,0.3732374902836316,0.1459963720493445,0.1221059635457461,-0.2920743894196533,0.4266959348342887,1.9086887722663288,1.9665880049822424,1.8763944879420849,-0.4496012364987807,0,-0.9997620270799092,-0.0218148850345608,-0.433883739117558,-0.9009688679024191
2018-12-07 18:00:00,0.7330497821620836,0.5383662083850981,0.8884334316763568,0.104866389435527,0.1459963720493445,0.2196604517776712,-0.0449890078255108,0.4266959348342887,1.9794161044893084,1.8453054249311167,1.8763944879420849,0.0547407185426255,0,-1.0,-1.8369701987210294e-16,-0.433883739117558,-0.9009688679024191
2018-12-07 18:05:00,0.6373659633071116,0.7736462526463654,0.7765800213291805,0.104866389435527,0.1459963720493445,0.0245514753138209,0.14032502837003,0.4266959348342887,1.9747527639031777,2.1917138398483846,2.005682057282947,0.1988384199830277,0,-0.9997620270799092,0.0218148850345604,-0.433883739117558,-0.9009688679024191
2018-12-07 18:10:00,0.2546306878872062,0.2560301552715505,0.6647266109820836,0.1719591646475412,0.1459963720493445,0.1221059635457461,-0.2303030440210958,-0.0550866371301841,2.1053263003148337,2.1925065364500265,2.092183812309567,0.0547407185426255,0,-0.9990482215818578,0.0436193873653357,-0.433883739117558,-0.9009688679024191
2018-12-07 18:15:00,0.3024725973147008,0.1148621287147766,0.2173129695936169,0.1719591646475412,0.1459963720493445,0.5123239164735159,-0.168531698622582,0.025210458197266,1.9545449546966127,2.276532376224009,2.2540258055851785,-0.3055035350583786,0,-0.9978589232386036,0.0654031292301423,-0.433883739117558,-0.9009688679024191
2018-12-07 18:20:00,-0.0802626781052044,0.2089741464193036,-0.0063938511006562,-0.364783037048668,0.1459963720493445,0.4147694282415908,0.14032502837003,0.1858046488520522,2.2934143706220995,2.325679565525772,2.320064779852813,-0.0893569828977767,0,-0.9961946980917455,0.0871557427476578,-0.433883739117558,-0.9009688679024191
2018-12-07 18:25:00,-0.03242076867771,0.2089741464193036,-0.1182472614477532,-0.5660613626847584,0.1459963720493445,0.4147694282415908,-0.1067603532240684,-0.2156808277849704,2.0757918099360078,2.4215958543243747,2.151711901790252,-0.3775523857785781,0,-0.9940563382223196,0.1088668748519647,-0.433883739117558,-0.9009688679024191
2018-12-07 18:30:00,-0.1759464969601767,0.3030861641237972,-0.1182472614477532,-0.7673396883208488,0.1459963720493445,0.1221059635457461,-0.168531698622582,-0.0550866371301841,2.207919793209705,2.131468898123642,2.473535635545203,-0.593698937939183,0,-0.9914448613738104,0.1305261922200512,-0.433883739117558,-0.9009688679024191
2018-12-07 18:35:00,-0.0802626781052044,0.1148621287147766,0.2173129695936169,-0.4989685874727441,0.1459963720493445,-0.1705575011500986,-0.2303030440210958,-0.2959779231123636,1.9483271672484388,2.1695183350024267,2.667001926357429,-0.6657477886593826,0,-0.9883615104677608,0.1521233861899159,-0.433883739117558,-0.9009688679024191
2018-12-07 18:40:00,-0.0802626781052044,-0.2615859421032644,0.4410197902878104,-0.6331541378967727,0.1459963720493445,0.0245514753138209,-0.3538457348181669,-0.2959779231123636,2.2491126350538586,2.3320211383389022,2.6577006623760715,-0.7377966393795852,0,-0.984807753012208,0.1736481776669308,-0.433883739117558,-0.9009688679024191
2018-12-07 18:45:00,-0.03242076867771,-0.5439219952168122,0.10545955924652,-0.9015252387448772,0.1459963720493445,-0.2681119893820236,-0.6009311164122655,-0.2156808277849704,2.21880092124401,2.4525110217883874,2.653980156783529,-0.7377966393795852,0,-0.9807852804032304,0.1950903220161283,-0.433883739117558,-0.9009688679024191
2018-12-07 18:50:00,-0.3194722252426432,-0.2615859421032644,-0.1182472614477532,-0.5660613626847584,0.1459963720493445,-0.0730030129181733,-0.2920743894196533,-0.2156808277849704,2.1846030902790528,2.3661070922094805,2.727460142236249,-0.8818943408199875,0,-0.9762960071199336,0.2164396139381024,-0.433883739117558,-0.9009688679024191
2018-12-07 18:55:00,-0.462997953525093,-0.2145299332510177,-0.0063938511006562,-0.2976902618366537,0.1459963720493445,0.1221059635457461,-0.2920743894196533,-0.0550866371301841,2.0035100308509834,1.9650026117789603,2.7618748189672697,-1.02599204226039,0,-0.9713420698132614,0.237685892326173,-0.433883739117558,-0.9009688679024191
2018-12-07 19:00:00,0.063263050177262,0.3971981818283242,0.10545955924652,-0.2305974866245919,0.1459963720493445,0.5123239164735159,-0.4156170802166805,0.1055075535246591,1.6218933262193,2.074394742805465,2.5219022082482594,-0.8098454900997847,0,-0.9659258262890684,0.2588190451025203,-0.433883739117558,-0.9009688679024191
2018-12-07 19:05:00,0.2067887784597286,0.1148621287147766,-0.0063938511006562,-0.0964119362005633,0.1459963720493445,0.3172149400095964,-0.0449890078255108,-0.0550866371301841,1.5309581847897542,2.202811592271364,2.387964006916719,-0.5216500872189802,0,-0.9600498543859288,0.279829014030992,-0.433883739117558,-0.9009688679024191
2018-12-07 19:10:00,0.2067887784597286,-0.2145299332510177,-0.1182472614477532,-0.029319160988549,0.1459963720493445,0.1221059635457461,0.0785536829715163,0.2661017441795025,1.6980612224594327,2.1417739539449805,2.299601999093828,-0.5216500872189802,0,-0.9537169507482268,0.3007057995042734,-0.433883739117558,-0.9009688679024191
2018-12-07 19:15:00,-0.128104587532682,0.2560301552715505,-0.1182472614477532,0.1719591646475412,0.1459963720493445,0.0245514753138209,0.0785536829715163,0.3463988395068956,1.6902889881492145,2.270983500012519,2.269837954353485,-0.7377966393795852,0,-0.9469301294951056,0.3214394653031615,-0.433883739117558,-0.9009688679024191
2018-12-07 19:20:00,0.0154211407497675,0.3501421729760774,-0.0063938511006562,0.104866389435527,0.1459963720493445,-0.0730030129181733,0.0167823375730027,0.1055075535246591,1.8364069931813056,2.209945861686136,2.252165552788907,-0.5216500872189802,0,-0.9396926207859084,0.3420201433256681,-0.433883739117558,-0.9009688679024191
2018-12-07 19:25:00,0.1111049596047395,0.2089741464193036,-0.1182472614477532,-0.1635047114125776,0.1459963720493445,-0.5607754540778684,0.3874104099641284,-0.2156808277849704,1.929673804903916,2.102931820464554,2.294951367103149,-0.7377966393795852,0,-0.9320078692827986,0.3624380382837014,-0.433883739117558,-0.9009688679024191
2018-12-07 19:30:00,0.063263050177262,0.6795342349418718,-0.1182472614477532,0.1719591646475412,0.1459963720493445,0.0245514753138209,0.449181755362686,-0.2156808277849704,2.314399403259687,1.9967104758446144,2.324715411843492,-0.8098454900997847,0,-0.923879532511287,0.3826834323650891,-0.433883739117558,-0.9009688679024191
2018-12-07 19:35:00,-0.128104587532682,0.4913101995328178,-0.0063938511006562,0.1719591646475412,0.1459963720493445,-0.1705575011500986,0.6344957915582708,-0.0550866371301841,2.48849745180856,1.8968307040378047,2.299601999093828,-0.233454684338179,0,-0.9153114791194472,0.402746689858737,-0.433883739117558,-0.9009688679024191
2018-12-07 19:40:00,-0.128104587532682,0.8677582703508925,-0.2301006717948499,0.2390519398595555,0.1459963720493445,-0.0730030129181733,0.8815811731523693,-0.1353837324575773,2.2755382317085986,2.0839071020251616,1.9247610606451413,-0.233454684338179,0,-0.9063077870366498,0.4226182617406996,-0.433883739117558,-0.9009688679024191
2018-12-07 19:45:00,0.2067887784597286,0.6324782260895916,-0.0063938511006562,0.3732374902836316,0.1459963720493445,-0.1705575011500986,0.7580384823552981,-0.1353837324575773,2.232790943002402,2.0767728326103896,1.8494208223961497,-0.233454684338179,0,-0.8968727415326884,0.442288690219001,-0.433883739117558,-0.9009688679024191
2018-12-07 19:50:00,0.3981564161696728,0.7265902437941186,-0.0063938511006562,0.574515815919722,0.1459963720493445,0.3172149400095964,0.6344957915582708,0.1055075535246591,2.033821744660832,2.124334628708871,1.8866258783215777,-0.017308132177574,0,-0.887010833178222,0.4617486132350332,-0.433883739117558,-0.9009688679024191
2018-12-07 19:55:00,0.6373659633071116,0.5854222172373449,0.3291663799407137,0.4403302654956459,0.1459963720493445,0.4147694282415908,0.3256390645656148,0.3463988395068956,1.4656714165839262,2.209153165084494,1.761988940971394,0.4870338228638322,0,-0.8767267557075075,0.4809887689193881,-0.433883739117558,-0.9009688679024191
2018-12-07 20:00:00,0.685207872734589,0.6795342349418718,-0.3419540821420261,0.3732374902836316,0.1459963720493445,0.3172149400095964,0.449181755362686,0.5872901254891321,1.5060870349970583,1.95311216275434,1.7173428738608805,0.4870338228638322,0,-0.8660254037844386,0.5000000000000001,-0.433883739117558,-0.9009688679024191
2018-12-07 20:05:00,0.4938402350246449,0.5383662083850981,-0.0063938511006562,0.7757941415558124,0.1459963720493445,0.6098784047054411,0.5109531007611996,0.5872901254891321,1.4633397462908608,1.9007941870460112,1.3369211770233798,0.4870338228638322,0,-0.8549118706729468,0.5187732581605211,-0.433883739117558,-0.9009688679024191
2018-12-07 20:10:00,0.2067887784597286,0.2560301552715505,0.10545955924652,0.7757941415558124,0.1459963720493445,0.8049873811693606,0.2638677191671011,0.2661017441795025,1.398052978085034,1.8294514928982908,1.546199616603912,0.2708872707032305,0,-0.8433914458128857,0.5372996083468239,-0.433883739117558,-0.9009688679024191
2018-12-07 20:15:00,0.3503145067421782,0.5383662083850981,0.2173129695936169,0.574515815919722,0.1459963720493445,0.3172149400095964,0.3874104099641284,0.4266959348342887,1.5154137161693189,1.7747554273850372,1.481090768734413,-0.017308132177574,0,-0.8314696123025455,0.5555702330196018,-0.433883739117558,-0.9009688679024191
2018-12-07 20:20:00,0.6373659633071116,0.3030861641237972,0.2173129695936169,0.9099796919798409,0.1459963720493445,0.3172149400095964,0.5109531007611996,0.5069930301616818,1.227841046691268,1.9245750850952512,1.5006234230952629,-0.3775523857785781,0,-0.8191520442889918,0.573576436351046,-0.433883739117558,-0.9009688679024191
2018-12-07 20:25:00,0.9244174198720276,0.444254190680571,0.5528732006349868,0.9099796919798409,0.1459963720493445,0.4147694282415908,0.7580384823552981,0.5872901254891321,1.3148900709657052,1.9277458715018168,1.379706991337622,0.1988384199830277,0,-0.8064446042674829,0.591309648363582,-0.433883739117558,-0.9009688679024191
2018-12-07 20:30:00,0.685207872734589,0.8677582703508925,0.6647266109820836,0.8428869167678266,0.1459963720493445,0.2196604517776712,1.0668952093479542,0.1858046488520522,1.2332816107084208,1.8627447501672263,1.4894619063176344,-0.0893569828977767,0,-0.7933533402912357,0.6087614290087199,-0.433883739117558,-0.9009688679024191
2018-12-07 20:35:00,0.8287336010170556,1.385374367725707,0.6647266109820836,0.6416085911317362,0.1459963720493445,0.6098784047054411,1.1904379001449814,0.6675872208165252,1.0926041696934825,1.6376189153010854,1.2941353627091376,-0.1614058336179762,0,-0.7798844830928816,0.6259234721840593,-0.433883739117558,-0.9009688679024191
2018-12-07 20:40:00,0.7330497821620836,1.5265423942824814,0.8884334316763568,0.9770724671919028,0.1459963720493445,0.6098784047054411,0.943352518550883,0.9084785067987616,1.0848319353832652,1.5670689177550057,0.784426096530775,-0.5216500872189802,0,-0.7660444431189781,0.6427876096865393,-0.433883739117558,-0.9009688679024191
2018-12-07 20:45:00,0.7808916915895612,0.961870288055386,1.1121402523705504,0.9099796919798409,0.1459963720493445,1.000096357633211,0.8198098277538117,1.0690726974535478,1.0599607855905684,1.341150386287222,0.8504650707984096,0.0547407185426255,0,-0.7518398074789772,0.6593458151000691,-0.433883739117558,-0.9009688679024191
2018-12-07 20:50:00,0.6373659633071116,1.0559823057599131,1.3358470730648235,1.245443568040007,0.1459963720493445,1.1952053340971305,0.7580384823552981,0.9887756021261548,0.8353432140252801,1.2325509518623583,0.620723850458892,0.4149849721436327,0,-0.7372773368101242,0.6755902076156601,-0.433883739117558,-0.9009688679024191
2018-12-07 20:55:00,0.9722593292995224,0.8677582703508925,1.4477004834119205,1.1783507928279455,0.1459963720493445,1.2927598223290555,0.6962671369567845,0.8281814114713114,0.7762742332676267,1.1144391582177977,0.4021441468970028,-0.017308132177574,0,-0.7223639620597554,0.6915130557822695,-0.433883739117558,-0.9009688679024191
2018-12-07 21:00:00,1.1636269670094666,0.9148142792031392,1.3358470730648235,0.8428869167678266,0.1459963720493445,1.1952053340971305,0.6962671369567845,1.149369792780998,0.8532193529387809,0.8005313039678258,0.3454064366107252,0.5590826735840349,0,-0.7071067811865477,0.7071067811865474,-0.433883739117558,-0.9009688679024191
2018-12-07 21:05:00,0.9722593292995224,1.1971503323166868,1.0002868420234536,0.574515815919722,0.1459963720493445,1.0976508458652052,0.6962671369567845,1.0690726974535478,0.7304180508373432,0.6055279399640551,0.39842364130446,0.6311315243042344,0,-0.6915130557822698,0.7223639620597551,-0.433883739117558,-0.9009688679024191
2018-12-07 21:10:00,1.020101238727,1.338318358873427,1.4477004834119205,0.7087013663437505,0.1459963720493445,1.2927598223290555,0.7580384823552981,0.9887756021261548,0.6558046014592543,0.6816268137216241,0.426327433248531,0.2708872707032305,0,-0.6755902076156598,0.7372773368101244,-0.433883739117558,-0.9009688679024191
2018-12-07 21:15:00,0.8287336010170556,1.0089262969076662,1.671407304106114,0.7087013663437505,0.1459963720493445,1.3903143105610498,1.3139805909420526,1.4705581740906275,0.6721262935107113,0.8052874835776741,0.5267810842471865,0.7031803750244372,0,-0.6593458151000687,0.7518398074789775,-0.433883739117558,-0.9009688679024191
2018-12-07 21:20:00,0.685207872734589,1.0089262969076662,1.5595538937590172,0.574515815919722,0.1459963720493445,1.5854232870249003,1.4992946271376375,1.5508552694180209,0.5617605663056215,0.7196762506004091,0.6718808023563554,0.4870338228638322,0,-0.6427876096865396,0.7660444431189778,-0.433883739117558,-0.9009688679024191
2018-12-07 21:25:00,0.6373659633071116,1.2442063411689337,1.5595538937590172,0.7087013663437505,0.1459963720493445,1.3903143105610498,1.43752328173908,1.2296668881083912,0.4506176156695101,0.9178504010107452,0.7062954790873762,0.2708872707032305,0,-0.625923472184059,0.7798844830928818,-0.433883739117558,-0.9009688679024191
2018-12-07 21:30:00,0.9244174198720276,1.5265423942824814,1.223993662717647,0.8428869167678266,0.1459963720493445,1.7805322634888197,1.4992946271376375,1.309963983435784,0.5368894165129252,0.8488857966679477,0.6783916871433053,0.2708872707032305,0,-0.608761429008721,0.7933533402912349,-0.433883739117558,-0.9009688679024191
2018-12-07 21:35:00,1.020101238727,1.338318358873427,1.223993662717647,0.7087013663437505,0.1459963720493445,1.6829777752568251,1.6846086633331785,1.2296668881083912,0.3915486349118565,0.9075453451894068,0.4700433739609088,0.4870338228638322,0,-0.591309648363583,0.8064446042674821,-0.433883739117558,-0.9009688679024191
2018-12-07 21:40:00,1.1636269670094666,1.338318358873427,1.1121402523705504,0.9099796919798409,0.1459963720493445,1.2927598223290555,1.8081513541302496,1.0690726974535478,0.4420681579282708,0.7830919787317163,0.3054110014908902,0.6311315243042344,0,-0.5735764363510465,0.8191520442889916,-0.433883739117558,-0.9009688679024191
2018-12-07 21:45:00,1.211468876436944,1.385374367725707,1.223993662717647,1.245443568040007,0.1459963720493445,1.6829777752568251,1.6846086633331785,1.4705581740906275,0.5881861629603611,0.7799211923251504,0.2356515216307129,0.5590826735840349,0,-0.555570233019603,0.8314696123025447,-0.433883739117558,-0.9009688679024191
2018-12-07 21:50:00,1.4985203330018773,1.385374367725707,1.5595538937590172,1.379629118464036,0.1459963720493445,1.487868798792975,1.6846086633331785,1.2296668881083912,0.7039924541826033,0.5254655831982795,0.2356515216307129,0.2708872707032305,0,-0.537299608346825,0.8433914458128849,-0.433883739117558,-0.9009688679024191
2018-12-07 21:55:00,1.4506784235743826,1.4794863854302012,1.671407304106114,1.1783507928279455,0.1459963720493445,1.5854232870249003,1.8699226995287632,1.2296668881083912,0.5127954901512506,0.3613773866585211,0.2356515216307129,0.6311315243042344,0,-0.5187732581605214,0.8549118706729466,-0.433883739117558,-0.9009688679024191
2018-12-07 22:00:00,1.737729880139299,1.4794863854302012,1.671407304106114,1.1112580176159312,0.1459963720493445,1.0976508458652052,1.8699226995287632,1.3902610787631773,0.5190132775994245,0.3098521075518333,0.2356515216307129,0.1988384199830277,0,-0.5000000000000004,0.8660254037844384,-0.433883739117558,-0.9009688679024191
2018-12-07 22:05:00,1.6420460612843268,1.338318358873427,1.8951141248003875,0.9770724671919028,0.1459963720493445,1.487868798792975,1.4992946271376375,1.7917465554002572,0.1692627336396331,0.2797296366894627,0.2356515216307129,0.6311315243042344,0,-0.4809887689193877,0.8767267557075077,-0.433883739117558,-0.9009688679024191
2018-12-07 22:10:00,1.7855717895667935,1.4324303765779542,1.8951141248003875,1.1112580176159312,2.153422224457177,1.5854232870249003,1.4992946271376375,1.9523407460550437,-0.0079442086333272,0.4517447992456339,0.2356515216307129,0.6311315243042344,0,-0.4617486132350336,0.8870108331782218,-0.433883739117558,-0.9009688679024191
2018-12-07 22:15:00,1.7855717895667935,1.573598403134728,2.006967535147484,1.1112580176159312,2.153422224457177,1.6829777752568251,1.4992946271376375,2.0326378413824937,0.128847115226502,0.3035105347387027,0.2356515216307129,0.4870338228638322,0,-0.4422886902190014,0.8968727415326883,-0.433883739117558,-0.9009688679024191
2018-12-07 22:20:00,1.4985203330018773,1.573598403134728,2.1188209454946603,1.513814668888112,2.153422224457177,1.5854232870249003,1.561065972536151,2.0326378413824937,0.2734106733965491,0.2765588502828974,0.2356515216307129,0.1267895692628282,0,-0.4226182617407,0.9063077870366496,-0.433883739117558,-0.9009688679024191
2018-12-07 22:25:00,1.92909751784926,1.9029904651005225,2.006967535147484,1.7150929945242024,2.153422224457177,1.7805322634888197,1.8699226995287632,2.112934936709886,0.2765195671206361,0.4588790686604063,0.2356515216307129,0.2708872707032305,0,-0.4027466898587366,0.9153114791194474,-0.433883739117558,-0.9009688679024191
2018-12-07 22:30:00,2.2161489744141765,1.9500464739527688,1.5595538937590172,1.916371320160245,2.153422224457177,2.36585919288044,2.240550771919933,2.112934936709886,0.1956883302943732,0.6126622093788269,0.2356515216307129,0.2708872707032305,0,-0.3826834323650895,0.9238795325112868,-0.433883739117558,-0.9009688679024191
2018-12-07 22:35:00,2.07262324613171,1.6677104208392215,1.5595538937590172,1.782185769736217,2.153422224457177,2.6585226575762846,2.178779426521419,1.9523407460550437,0.3099401746545716,0.706200408372506,0.2356515216307129,0.4870338228638322,0,-0.3624380382837018,0.9320078692827984,-0.433883739117558,-0.9009688679024191
2018-12-07 22:40:00,1.9769394272767375,1.338318358873427,1.3358470730648235,1.983464095372307,2.153422224457177,2.463413681112434,1.8699226995287632,2.112934936709886,0.2322178315523958,0.5516245710524437,0.2356515216307129,0.6311315243042344,0,-0.3420201433256686,0.9396926207859084,-0.433883739117558,-0.9009688679024191
2018-12-07 22:45:00,2.120465155559204,1.2912623500211804,1.3358470730648235,1.7150929945242024,2.153422224457177,2.0731957281845954,1.4992946271376375,2.2735291273647302,0.2399900658626135,0.2591195250467872,0.2356515216307129,0.6311315243042344,0,-0.3214394653031618,0.9469301294951056,-0.433883739117558,-0.9009688679024191
2018-12-07 22:50:00,2.0247813367042324,1.385374367725707,1.671407304106114,1.849278544948231,2.153422224457177,1.878086751720745,1.622837317934665,2.112934936709886,-0.0740082002701769,0.2385094134041124,0.2356515216307129,0.4870338228638322,0,-0.3007057995042738,0.9537169507482268,-0.433883739117558,-0.9009688679024191
2018-12-07 22:55:00,2.120465155559204,1.4794863854302012,1.5595538937590172,1.983464095372307,2.153422224457177,1.7805322634888197,1.8699226995287632,2.112934936709886,0.093094837399501,-0.1839978752707238,0.2356515216307129,0.7031803750244372,0,-0.2798290140309924,0.9600498543859286,-0.433883739117558,-0.9009688679024191
2018-12-07 23:00:00,2.07262324613171,1.4794863854302012,1.4477004834119205,1.849278544948231,2.153422224457177,1.6829777752568251,2.4258648081155174,2.112934936709886,-0.0740082002701769,-0.1578388874165595,0.2356515216307129,0.4149849721436327,0,-0.2588190451025215,0.965925826289068,-0.433883739117558,-0.9009688679024191
2018-12-07 23:05:00,2.0247813367042324,1.6677104208392215,2.006967535147484,1.849278544948231,2.153422224457177,1.878086751720745,2.240550771919933,2.19323203203728,0.0192586114524337,0.2361313235991884,0.2356515216307129,0.4870338228638322,0,-0.2376858923261743,0.9713420698132612,-0.433883739117558,-0.9009688679024191
2018-12-07 23:10:00,1.833413698994288,1.2912623500211804,2.230674355841757,1.916371320160245,2.153422224457177,1.7805322634888197,2.3023221173184467,2.19323203203728,0.3083857277925284,0.3154009837633228,0.2356515216307129,0.8472780764648393,0,-0.2164396139381028,0.9762960071199334,-0.433883739117558,-0.9009688679024191
2018-12-07 23:15:00,1.737729880139299,1.5265423942824814,2.230674355841757,1.983464095372307,2.153422224457177,1.878086751720745,2.117008081122861,2.0326378413824937,0.2050150114666341,0.1061290809300079,0.2356515216307129,0.8472780764648393,0,-0.1950903220161287,0.9807852804032304,-0.433883739117558,-0.9009688679024191
2018-12-07 23:20:00,1.9769394272767375,1.8088784473959956,2.230674355841757,1.983464095372307,2.153422224457177,1.5854232870249003,2.178779426521419,2.0326378413824937,0.2283317143972871,0.0117981853346881,0.2356515216307129,0.7752292257446367,0,-0.1736481776669304,0.984807753012208,-0.433883739117558,-0.9009688679024191
2018-12-07 23:25:00,2.2161489744141765,2.3735505536230908,2.454381176535951,1.916371320160245,2.153422224457177,1.5854232870249003,1.8081513541302496,2.0326378413824937,0.0099319302801729,-0.2910119164923053,0.2356515216307129,0.7031803750244372,0,-0.1521233861899172,0.9883615104677608,-0.433883739117558,-0.9009688679024191
2018-12-07 23:30:00,2.168307064986699,2.232382527066317,2.454381176535951,1.916371320160245,2.153422224457177,1.3903143105610498,1.746380008731736,1.5508552694180209,0.188693319415177,-0.3631473072416673,0.2356515216307129,0.2708872707032305,0,-0.1305261922200516,0.9914448613738104,-0.433883739117558,-0.9009688679024191
2018-12-07 23:35:00,2.3118327932691485,2.3735505536230908,2.342527766188854,1.849278544948231,2.153422224457177,1.487868798792975,1.1904379001449814,1.3902610787631773,0.1171887637611758,-0.2545478728168036,0.2356515216307129,0.2708872707032305,0,-0.1088668748519651,0.9940563382223196,-0.433883739117558,-0.9009688679024191
2018-12-07 23:40:00,2.0247813367042324,2.232382527066317,2.454381176535951,2.117649645796336,2.153422224457177,1.487868798792975,1.43752328173908,1.7114494600728638,0.3044996106374192,-0.101557428700024,0.2356515216307129,0.4870338228638322,0,-0.0871557427476574,0.9961946980917455,-0.433883739117558,-0.9009688679024191
2018-12-07 23:45:00,2.07262324613171,2.1853265182140698,2.1188209454946603,2.38602074664444,2.153422224457177,1.5854232870249003,1.622837317934665,1.9523407460550437,0.341806335326464,0.034786386782287,0.2356515216307129,0.7031803750244372,0,-0.0654031292301428,0.9978589232386036,-0.433883739117558,-0.9009688679024191
2018-12-07 23:50:00,1.9769394272767375,2.091214500509543,2.342527766188854,2.38602074664444,2.153422224457177,1.7805322634888197,2.117008081122861,1.9523407460550437,0.2640839922242881,-0.1554607976116355,0.2356515216307129,0.7031803750244372,0,-0.0436193873653361,0.9990482215818578,-0.433883739117558,-0.9009688679024191
2018-12-07 23:55:00,1.92909751784926,2.138270509361789,2.006967535147484,2.3189279714324256,2.153422224457177,1.6829777752568251,1.8699226995287632,1.7114494600728638,0.2213367035180911,0.0561891950266035,0.2356515216307129,0.7752292257446367,0,-0.0218148850345609,0.9997620270799092,-0.433883739117558,-0.9009688679024191
2018-12-08 00:00:00,2.0247813367042324,2.279438535918564,2.1188209454946603,2.3189279714324256,2.153422224457177,1.9756412399526704,1.8699226995287632,1.7917465554002572,0.1529410415881767,-0.4122944965434312,0.2356515216307129,0.5590826735840349,0,0.0,1.0,-0.9749279121818236,-0.2225209339563146
2018-12-08 00:05:00,1.9769394272767375,2.702942615588885,2.1188209454946603,2.0505568705843213,2.153422224457177,1.878086751720745,1.9316940449272768,1.87204365072765,-0.1260821701486347,-0.0230804651375309,0.2356515216307129,0.9193269271850388,0,0.0218148850345611,0.9997620270799092,-0.9749279121818236,-0.2225209339563146
2018-12-08 00:10:00,1.4506784235743826,2.3735505536230908,2.230674355841757,1.379629118464036,2.153422224457177,2.36585919288044,1.9934653903258344,1.87204365072765,0.1179659871921974,-0.002470353494856,0.2356515216307129,0.8472780764648393,0,0.043619387365336,0.9990482215818578,-0.9749279121818236,-0.2225209339563146
2018-12-08 00:15:00,1.3549946047194106,2.467662571327584,1.7832607144532904,1.245443568040007,2.153422224457177,2.2683047046485147,1.561065972536151,1.7917465554002572,0.1513865947261329,-0.0175315889260414,0.2356515216307129,0.9193269271850388,0,0.065403129230143,0.9978589232386036,-0.9749279121818236,-0.2225209339563146
2018-12-08 00:20:00,1.211468876436944,2.514718580179831,2.006967535147484,1.3125363432520216,2.153422224457177,2.463413681112434,1.6846086633331785,2.112934936709886,0.0783275922100878,-0.1285091131558295,0.2356515216307129,1.3516200315062457,0,0.0871557427476581,0.9961946980917455,-0.9749279121818236,-0.2225209339563146
2018-12-08 00:25:00,1.3549946047194106,1.997102482805016,2.006967535147484,1.379629118464036,2.153422224457177,1.9756412399526704,1.622837317934665,2.19323203203728,-0.1727155760099403,-0.0421051835769232,0.2356515216307129,1.1354734793456438,0,0.1088668748519645,0.9940563382223196,-0.9749279121818236,-0.2225209339563146
2018-12-08 00:30:00,1.3549946047194106,2.091214500509543,2.1188209454946603,1.7150929945242024,2.153422224457177,2.2683047046485147,1.6846086633331785,1.87204365072765,-0.3001802186975089,-0.0516175427966192,0.2356515216307129,0.9193269271850388,0,0.1305261922200515,0.9914448613738104,-0.9749279121818236,-0.2225209339563146
2018-12-08 00:35:00,1.211468876436944,2.1853265182140698,2.230674355841757,2.117649645796336,2.153422224457177,2.2683047046485147,1.8699226995287632,1.87204365072765,-0.3141702404559006,-0.2204619189462258,0.2356515216307129,1.0634246286254412,0,0.1521233861899167,0.9883615104677608,-0.9749279121818236,-0.2225209339563146
2018-12-08 00:40:00,1.2593107858644386,2.279438535918564,1.671407304106114,2.184742421008397,2.153422224457177,2.0731957281845954,1.622837317934665,1.87204365072765,-0.1742700228719835,-0.085703496667197,0.2356515216307129,0.9913757779052416,0,0.1736481776669303,0.984807753012208,-0.9749279121818236,-0.2225209339563146
2018-12-08 00:45:00,1.4506784235743826,1.9500464739527688,1.8951141248003875,2.3189279714324256,2.153422224457177,1.9756412399526704,1.375751936340566,1.6311523647454138,-0.1921461617854845,-0.0318001277555854,0.2356515216307129,0.9913757779052416,0,0.1950903220161282,0.9807852804032304,-0.9749279121818236,-0.2225209339563146
2018-12-08 00:50:00,2.2161489744141765,1.9500464739527688,2.1188209454946603,2.117649645796336,2.153422224457177,2.0731957281845954,1.0668952093479542,1.87204365072765,-0.2302301099055501,-0.0318001277555854,0.2356515216307129,0.4870338228638322,0,0.2164396139381028,0.9762960071199334,-0.9749279121818236,-0.2225209339563146
2018-12-08 00:55:00,2.120465155559204,2.279438535918564,1.8951141248003875,2.117649645796336,2.153422224457177,1.9756412399526704,1.3139805909420526,1.9523407460550437,-0.2737546220427689,-0.2846703436791749,0.2356515216307129,1.2075223300658433,0,0.237685892326173,0.9713420698132614,-0.9749279121818236,-0.2225209339563146
2018-12-08 01:00:00,2.0247813367042324,2.091214500509543,2.1188209454946603,2.3189279714324256,2.153422224457177,1.878086751720745,1.375751936340566,2.19323203203728,-0.360026422886184,-0.0595445088130326,0.2356515216307129,1.2075223300658433,0,0.2588190451025207,0.9659258262890684,-0.9749279121818236,-0.2225209339563146
2018-12-08 01:05:00,1.737729880139299,2.232382527066317,1.8951141248003875,2.184742421008397,2.153422224457177,2.2683047046485147,1.561065972536151,2.353826222692123,-0.4486298940226645,-0.0690568680327285,0.2356515216307129,1.7118642851072496,0,0.279829014030992,0.9600498543859288,-0.9749279121818236,-0.2225209339563146
2018-12-08 01:10:00,1.5942041518568493,2.4206065624753377,1.7832607144532904,1.849278544948231,2.153422224457177,2.36585919288044,1.561065972536151,2.434123318019516,-0.0615726253738289,0.0720431270594301,0.2356515216307129,2.0721085387082567,0,0.3007057995042732,0.9537169507482268,-0.9749279121818236,-0.2225209339563146
2018-12-08 01:15:00,1.881255608421765,2.467662571327584,1.671407304106114,1.7150929945242024,2.153422224457177,2.170750216416589,1.561065972536151,2.353826222692123,-0.1012110203559384,0.034786386782287,0.2356515216307129,2.0000596879880543,0,0.3214394653031616,0.9469301294951056,-0.9749279121818236,-0.2225209339563146
2018-12-08 01:20:00,2.2161489744141765,2.091214500509543,1.8951141248003875,1.6480002193121406,2.153422224457177,2.170750216416589,1.6846086633331785,2.353826222692123,0.0355803035038908,-0.1047282151065893,0.2356515216307129,1.4236688822264485,0,0.3420201433256687,0.9396926207859084,-0.9749279121818236,-0.2225209339563146
2018-12-08 01:25:00,1.9769394272767375,1.997102482805016,1.7832607144532904,1.782185769736217,2.153422224457177,2.170750216416589,2.055236735724348,2.0326378413824937,-0.0747854237011984,-0.0444832733818474,0.2356515216307129,1.7118642851072496,0,0.3624380382837016,0.9320078692827986,-0.9749279121818236,-0.2225209339563146
2018-12-08 01:30:00,2.0247813367042324,2.1853265182140698,1.7832607144532904,1.782185769736217,2.153422224457177,1.9756412399526704,2.487636153514031,2.112934936709886,-0.2341162270606593,-0.0619225986179567,0.2356515216307129,1.279571180786046,0,0.3826834323650898,0.9238795325112868,-0.9749279121818236,-0.2225209339563146
2018-12-08 01:35:00,2.5032004309790925,2.4206065624753377,2.006967535147484,1.782185769736217,2.153422224457177,2.2683047046485147,2.178779426521419,1.9523407460550437,0.063560347020674,0.1695448090613157,0.2356515216307129,1.4957177329466478,0,0.4027466898587372,0.9153114791194472,-0.9749279121818236,-0.2225209339563146
2018-12-08 01:40:00,2.742409978116531,2.044158491657297,2.1188209454946603,1.513814668888112,2.153422224457177,2.2683047046485147,2.117008081122861,1.9523407460550437,0.0262536223316298,-0.1483265281968631,0.2356515216307129,1.4957177329466478,0,0.4226182617406994,0.90630778703665,-0.9749279121818236,-0.2225209339563146
2018-12-08 01:45:00,2.5988842498340814,2.232382527066317,1.7832607144532904,1.849278544948231,2.153422224457177,1.6829777752568251,2.487636153514031,2.112934936709886,0.0814364859341748,-0.159424280619842,0.2356515216307129,1.5677665836668473,0,0.4422886902190012,0.8968727415326884,-0.9749279121818236,-0.2225209339563146
2018-12-08 01:50:00,2.2161489744141765,2.1853265182140698,2.1188209454946603,1.849278544948231,2.153422224457177,1.9756412399526704,2.3640934627169603,1.7917465554002572,-0.0755626471322206,-0.1340579893673188,0.2356515216307129,1.0634246286254412,0,0.4617486132350339,0.8870108331782217,-0.9749279121818236,-0.2225209339563146
2018-12-08 01:55:00,1.9769394272767375,1.9500464739527688,2.230674355841757,2.3189279714324256,2.153422224457177,2.2683047046485147,2.4258648081155174,1.87204365072765,0.0814364859341748,-0.0119827127145519,0.2356515216307129,0.9913757779052416,0,0.4809887689193876,0.8767267557075077,-0.9749279121818236,-0.2225209339563146
2018-12-08 02:00:00,1.5463622424293548,1.9029904651005225,1.5595538937590172,2.453113521856502,2.153422224457177,2.463413681112434,2.117008081122861,1.5508552694180209,0.1537182650191983,0.2860712095025932,0.2356515216307129,1.9280108372678544,0,0.4999999999999999,0.8660254037844387,-0.9749279121818236,-0.2225209339563146
2018-12-08 02:05:00,1.6898879707118213,1.6677104208392215,1.4477004834119205,1.983464095372307,2.153422224457177,2.56096816934436,2.178779426521419,1.6311523647454138,0.2190050332250257,0.2155212119565136,0.2356515216307129,1.63981543438705,0,0.5187732581605214,0.8549118706729466,-0.9749279121818236,-0.2225209339563146
2018-12-08 02:10:00,2.120465155559204,1.997102482805016,1.4477004834119205,2.184742421008397,2.153422224457177,2.56096816934436,2.055236735724348,1.7114494600728638,0.1537182650191983,0.2702172774697662,0.2356515216307129,1.63981543438705,0,0.5372996083468238,0.8433914458128857,-0.9749279121818236,-0.2225209339563146
2018-12-08 02:15:00,1.9769394272767375,1.9500464739527688,1.4477004834119205,2.117649645796336,2.153422224457177,2.56096816934436,1.746380008731736,2.112934936709886,0.109416529450958,0.4010122167405884,0.2356515216307129,1.4957177329466478,0,0.5555702330196022,0.8314696123025452,-0.9749279121818236,-0.2225209339563146
2018-12-08 02:20:00,1.92909751784926,1.855934456248276,1.671407304106114,1.916371320160245,2.153422224457177,2.463413681112434,1.746380008731736,1.87204365072765,0.2967273763272016,0.1743009886711635,0.2356515216307129,1.4957177329466478,0,0.5735764363510462,0.8191520442889918,-0.9749279121818236,-0.2225209339563146
2018-12-08 02:25:00,1.92909751784926,2.091214500509543,1.8951141248003875,1.7150929945242024,2.153422224457177,2.0731957281845954,1.622837317934665,2.0326378413824937,0.1855844256910901,0.1211903163611938,0.2356515216307129,1.7839131358274525,0,0.5913096483635824,0.8064446042674827,-0.9749279121818236,-0.2225209339563146
2018-12-08 02:30:00,1.9769394272767375,2.091214500509543,1.8951141248003875,1.5809074441001263,2.153422224457177,2.0731957281845954,1.375751936340566,1.7114494600728638,0.3052768340684408,0.0490549256118312,0.2356515216307129,1.3516200315062457,0,0.6087614290087207,0.7933533402912352,-0.9749279121818236,-0.2225209339563146
2018-12-08 02:35:00,1.7855717895667935,2.138270509361789,2.230674355841757,1.3125363432520216,2.153422224457177,1.9756412399526704,1.252209245543495,1.5508552694180209,0.5570972257194908,-0.0524102393982608,0.2356515216307129,1.7118642851072496,0,0.6259234721840591,0.7798844830928818,-0.9749279121818236,-0.2225209339563146
2018-12-08 02:40:00,1.833413698994288,2.3735505536230908,2.230674355841757,1.7150929945242024,2.153422224457177,1.7805322634888197,1.561065972536151,1.4705581740906275,0.4918104575136633,-0.0595445088130326,0.2356515216307129,1.7839131358274525,0,0.6427876096865393,0.766044443118978,-0.9749279121818236,-0.2225209339563146
2018-12-08 02:45:00,1.92909751784926,2.4206065624753377,2.230674355841757,2.2518351962204117,2.153422224457177,1.9756412399526704,1.9934653903258344,1.5508552694180209,0.5516566617023384,-0.0975939456918175,0.2356515216307129,1.855961986547652,0,0.6593458151000688,0.7518398074789774,-0.9749279121818236,-0.2225209339563146
2018-12-08 02:50:00,2.07262324613171,2.279438535918564,1.8951141248003875,2.117649645796336,2.153422224457177,1.7805322634888197,2.055236735724348,1.6311523647454138,0.2780740139826798,0.0181397581478187,0.2356515216307129,1.855961986547652,0,0.6755902076156602,0.7372773368101241,-0.9749279121818236,-0.2225209339563146
2018-12-08 02:55:00,2.120465155559204,2.1853265182140698,1.7832607144532904,1.983464095372307,2.153422224457177,1.9756412399526704,1.9934653903258344,2.0326378413824937,0.1109709763130012,-0.211742256328171,0.2356515216307129,2.1441573894284565,0,0.6915130557822694,0.7223639620597556,-0.9749279121818236,-0.2225209339563146
2018-12-08 03:00:00,1.92909751784926,1.9029904651005225,1.8951141248003875,1.7150929945242024,2.153422224457177,2.0731957281845954,1.9316940449272768,2.19323203203728,0.060451453296587,-0.0698495646343704,0.2356515216307129,2.0000596879880543,0,0.7071067811865476,0.7071067811865476,-0.9749279121818236,-0.2225209339563146
2018-12-08 03:05:00,1.92909751784926,1.6206544119869748,2.006967535147484,2.0505568705843213,2.153422224457177,2.36585919288044,1.9934653903258344,2.19323203203728,0.0853226030892834,0.0427133527987005,0.2356515216307129,2.0000596879880543,0,0.7223639620597555,0.6915130557822694,-0.9749279121818236,-0.2225209339563146
2018-12-08 03:10:00,2.0247813367042324,2.044158491657297,2.230674355841757,1.849278544948231,2.153422224457177,2.2683047046485147,1.561065972536151,2.0326378413824937,0.2671928859483751,-0.085703496667197,0.2356515216307129,2.0721085387082567,0,0.737277336810124,0.6755902076156602,-0.9749279121818236,-0.2225209339563146
2018-12-08 03:15:00,2.2161489744141765,1.573598403134728,2.342527766188854,1.7150929945242024,2.153422224457177,2.2683047046485147,1.43752328173908,2.19323203203728,0.177812191380873,0.1624105396465434,0.2356515216307129,1.7118642851072496,0,0.7518398074789774,0.6593458151000688,-0.9749279121818236,-0.2225209339563146
2018-12-08 03:20:00,2.2639908838416707,1.4794863854302012,2.1188209454946603,1.983464095372307,2.153422224457177,1.9756412399526704,1.8699226995287632,2.2735291273647302,0.279628460844723,-0.0175315889260414,0.2356515216307129,1.7839131358274525,0,0.766044443118978,0.6427876096865394,-0.9749279121818236,-0.2225209339563146
2018-12-08 03:25:00,1.9769394272767375,1.5265423942824814,2.006967535147484,1.916371320160245,2.153422224457177,2.2683047046485147,1.622837317934665,2.19323203203728,-0.143958309062135,-0.0032630500964971,0.2356515216307129,1.7839131358274525,0,0.7798844830928817,0.6259234721840591,-0.9749279121818236,-0.2225209339563146
2018-12-08 03:30:00,1.9769394272767375,1.4324303765779542,1.671407304106114,1.6480002193121406,2.153422224457177,2.56096816934436,1.9316940449272768,1.7917465554002572,-0.2613190471464208,0.0300302071724393,0.2356515216307129,2.2882550908688586,0,0.7933533402912352,0.6087614290087207,-0.9749279121818236,-0.2225209339563146
2018-12-08 03:35:00,2.07262324613171,1.573598403134728,1.3358470730648235,2.184742421008397,2.153422224457177,2.0731957281845954,1.9934653903258344,2.19323203203728,-0.0708993065460898,-0.0912523728786864,0.2356515216307129,1.5677665836668473,0,0.8064446042674825,0.5913096483635825,-0.9749279121818236,-0.2225209339563146
2018-12-08 03:40:00,2.120465155559204,1.997102482805016,1.671407304106114,2.2518351962204117,2.153422224457177,1.7805322634888197,1.9316940449272768,2.0326378413824937,-0.3320463793694006,-0.1419849553837324,0.2356515216307129,1.4957177329466478,0,0.8191520442889917,0.5735764363510462,-0.9749279121818236,-0.2225209339563146
2018-12-08 03:45:00,2.2161489744141765,2.232382527066317,1.7832607144532904,1.849278544948231,2.153422224457177,1.878086751720745,2.117008081122861,2.2735291273647302,-0.1159782655453518,0.2313751439893406,0.2356515216307129,1.5677665836668473,0,0.8314696123025451,0.5555702330196024,-0.9749279121818236,-0.2225209339563146
2018-12-08 03:50:00,2.2639908838416707,2.3264945447708105,1.671407304106114,2.0505568705843213,2.153422224457177,1.878086751720745,2.117008081122861,2.2735291273647302,0.1296243386575236,0.368511656073293,0.2356515216307129,1.9280108372678544,0,0.8433914458128856,0.5372996083468239,-0.9749279121818236,-0.2225209339563146
2018-12-08 03:55:00,1.833413698994288,1.9500464739527688,1.7832607144532904,1.782185769736217,2.153422224457177,1.9756412399526704,2.055236735724348,1.9523407460550437,0.3899941880498128,0.2496071658270914,0.2356515216307129,2.1441573894284565,0,0.8549118706729466,0.5187732581605216,-0.9749279121818236,-0.2225209339563146
2018-12-08 04:00:00,1.6898879707118213,2.044158491657297,1.8951141248003875,1.849278544948231,2.153422224457177,2.0731957281845954,1.8081513541302496,2.0326378413824937,0.4855926700654889,0.4763183938965157,0.2356515216307129,2.576450493749663,0,0.8660254037844386,0.5000000000000001,-0.9749279121818236,-0.2225209339563146
2018-12-08 04:05:00,1.9769394272767375,2.091214500509543,2.1188209454946603,1.983464095372307,2.153422224457177,2.170750216416589,1.746380008731736,2.0326378413824937,0.2399900658626135,0.1996672799236865,0.2356515216307129,1.855961986547652,0,0.8767267557075077,0.4809887689193877,-0.9749279121818236,-0.2225209339563146
2018-12-08 04:10:00,1.7855717895667935,1.855934456248276,1.7832607144532904,2.184742421008397,2.153422224457177,1.878086751720745,1.561065972536151,1.87204365072765,0.3627913679640512,0.2718026706730491,0.2356515216307129,1.9280108372678544,0,0.8870108331782217,0.4617486132350338,-0.9749279121818236,-0.2225209339563146
2018-12-08 04:15:00,1.881255608421765,1.6677104208392215,2.1188209454946603,1.983464095372307,2.153422224457177,1.9756412399526704,1.622837317934665,1.6311523647454138,0.4708254248760756,0.1013729013201601,0.2356515216307129,2.216206240148659,0,0.8968727415326884,0.4422886902190012,-0.9749279121818236,-0.2225209339563146
2018-12-08 04:20:00,1.7855717895667935,1.7618224385437486,2.006967535147484,1.916371320160245,2.153422224457177,2.2683047046485147,1.43752328173908,1.7917465554002572,0.2415445127246567,-0.1332652927656776,0.2356515216307129,1.9280108372678544,0,0.9063077870366498,0.4226182617406996,-0.9749279121818236,-0.2225209339563146
2018-12-08 04:25:00,1.9769394272767375,1.9029904651005225,2.230674355841757,1.782185769736217,2.153422224457177,1.9756412399526704,1.6846086633331785,2.112934936709886,0.508909372996142,-0.0555810258048261,0.2356515216307129,2.360303941589061,0,0.9153114791194472,0.4027466898587372,-0.9749279121818236,-0.2225209339563146
2018-12-08 04:30:00,2.168307064986699,1.5265423942824814,2.454381176535951,1.6480002193121406,2.153422224457177,2.36585919288044,1.9316940449272768,1.87204365072765,0.4754887654622064,-0.1427776519853743,0.2356515216307129,2.4323527923092607,0,0.9238795325112868,0.3826834323650898,-0.9749279121818236,-0.2225209339563146
2018-12-08 04:35:00,1.881255608421765,1.573598403134728,2.6780879972302243,1.6480002193121406,2.153422224457177,1.9756412399526704,2.240550771919933,1.6311523647454138,0.5112410432892074,-0.1744855160510279,0.2356515216307129,1.7839131358274525,0,0.9320078692827984,0.3624380382837017,-0.9749279121818236,-0.2225209339563146
2018-12-08 04:40:00,2.0247813367042324,1.6677104208392215,2.342527766188854,1.6480002193121406,2.153422224457177,1.5854232870249003,2.240550771919933,1.7917465554002572,0.3876625177567474,0.0577745882298859,0.2551841759915626,2.0721085387082567,0,0.9396926207859084,0.3420201433256686,-0.9749279121818236,-0.2225209339563146
2018-12-08 04:45:00,2.120465155559204,1.385374367725707,2.230674355841757,1.513814668888112,2.153422224457177,1.3903143105610498,1.9934653903258344,2.2735291273647302,0.0705553578998701,0.0680796440512235,0.2886687263244477,2.0000596879880543,0,0.9469301294951056,0.3214394653031617,-0.9749279121818236,-0.2225209339563146
2018-12-08 04:50:00,2.168307064986699,1.2442063411689337,1.7832607144532904,1.5809074441001263,2.153422224457177,1.487868798792975,1.6846086633331785,1.87204365072765,0.0907631671064357,0.0474695324085487,0.2356515216307129,2.576450493749663,0,0.9537169507482268,0.3007057995042733,-0.9749279121818236,-0.2225209339563146
2018-12-08 04:55:00,1.9769394272767375,1.4324303765779542,2.1188209454946603,1.5809074441001263,2.153422224457177,1.9756412399526704,1.4992946271376375,1.87204365072765,0.0892087202443925,0.4739403040915916,0.2356515216307129,2.2882550908688586,0,0.9600498543859288,0.279829014030992,-0.9749279121818236,-0.2225209339563146
2018-12-08 05:00:00,1.5463622424293548,1.338318358873427,1.7832607144532904,1.6480002193121406,2.153422224457177,1.5854232870249003,1.43752328173908,1.9523407460550437,0.1459460307089806,0.3154009837633228,0.3230834030554684,2.216206240148659,0,0.9659258262890684,0.2588190451025207,-0.9749279121818236,-0.2225209339563146
2018-12-08 05:05:00,1.833413698994288,1.338318358873427,2.006967535147484,1.5809074441001263,2.153422224457177,1.5854232870249003,1.622837317934665,1.7114494600728638,0.2221139269491127,0.0252740275625911,0.4793446379422659,2.2882550908688586,0,0.9713420698132614,0.2376858923261731,-0.9749279121818236,-0.2225209339563146
2018-12-08 05:10:00,1.6420460612843268,1.573598403134728,2.006967535147484,1.6480002193121406,2.153422224457177,1.3903143105610498,1.8081513541302496,1.4705581740906275,0.2477623001728311,0.8132144495940871,0.3509871949995394,2.360303941589061,0,0.9762960071199334,0.2164396139381029,-0.9749279121818236,-0.2225209339563146
2018-12-08 05:15:00,1.5942041518568493,1.714766429691502,2.1188209454946603,1.7150929945242024,2.153422224457177,1.487868798792975,1.9934653903258344,1.5508552694180209,0.2042377880356125,0.4224150249849043,0.2756469567505478,2.0721085387082567,0,0.9807852804032304,0.1950903220161283,-0.9749279121818236,-0.2225209339563146
2018-12-08 05:20:00,1.6898879707118213,1.7618224385437486,2.006967535147484,1.849278544948231,2.153422224457177,1.487868798792975,2.178779426521419,1.5508552694180209,0.5524338851333601,0.5904667045328691,0.2356515216307129,1.9280108372678544,0,0.984807753012208,0.1736481776669304,-0.9749279121818236,-0.2225209339563146
2018-12-08 05:25:00,1.4506784235743826,1.714766429691502,1.671407304106114,1.916371320160245,2.153422224457177,1.7805322634888197,1.8081513541302496,1.6311523647454138,0.3076085043615062,0.2519852556320154,0.2356515216307129,1.855961986547652,0,0.9883615104677608,0.1521233861899168,-0.9749279121818236,-0.2225209339563146
2018-12-08 05:30:00,1.2593107858644386,1.6677104208392215,1.5595538937590172,1.849278544948231,2.153422224457177,1.878086751720745,1.43752328173908,1.87204365072765,0.0814364859341748,0.2725953672746902,0.2356515216307129,1.7118642851072496,0,0.9914448613738104,0.1305261922200517,-0.9749279121818236,-0.2225209339563146
2018-12-08 05:35:00,1.1636269670094666,1.6206544119869748,1.8951141248003875,1.983464095372307,0.1459963720493445,1.9756412399526704,1.0668952093479542,1.149369792780998,0.2306633846903525,0.1743009886711635,0.3630788381753035,2.360303941589061,0,0.9940563382223196,0.1088668748519647,-0.9749279121818236,-0.2225209339563146
2018-12-08 05:40:00,1.020101238727,1.714766429691502,1.7832607144532904,1.782185769736217,0.1459963720493445,1.9756412399526704,0.8198098277538117,1.3902610787631773,0.2314406081213741,0.306681321145268,0.2356515216307129,2.1441573894284565,0,0.9961946980917455,0.0871557427476581,-0.9749279121818236,-0.2225209339563146
2018-12-08 05:45:00,0.9244174198720276,1.8088784473959956,1.5595538937590172,1.916371320160245,0.1459963720493445,1.9756412399526704,0.8815811731523693,1.6311523647454138,0.1708171805016769,0.3368037920076393,0.7239678806519545,2.0000596879880543,0,0.9978589232386036,0.0654031292301432,-0.9749279121818236,-0.2225209339563146
2018-12-08 05:50:00,1.020101238727,1.5265423942824814,1.4477004834119205,1.7150929945242024,0.1459963720493445,1.6829777752568251,0.7580384823552981,1.7917465554002572,0.4995826918238805,0.50247738175068,1.1592670349794614,2.0000596879880543,0,0.9990482215818578,0.043619387365336,-0.9749279121818236,-0.2225209339563146
2018-12-08 05:55:00,1.1636269670094666,1.385374367725707,1.4477004834119205,1.6480002193121406,0.1459963720493445,1.7805322634888197,1.005123863949397,1.7114494600728638,0.7988137127672577,0.7077858015757884,0.7602428101792468,2.0000596879880543,0,0.9997620270799092,0.0218148850345609,-0.9749279121818236,-0.2225209339563146
2018-12-08 06:00:00,1.020101238727,1.6206544119869748,1.3358470730648235,1.4467218936760975,0.1459963720493445,1.6829777752568251,1.005123863949397,1.7114494600728638,0.9223922382997176,0.5643077166787049,1.2048432284881103,1.63981543438705,0,1.0,6.123233995736766e-17,-0.9749279121818236,-0.2225209339563146
2018-12-08 06:05:00,1.0679431481544943,1.573598403134728,1.4477004834119205,1.379629118464036,0.1459963720493445,1.487868798792975,0.943352518550883,1.7917465554002572,0.791818701888062,0.6419919836395569,1.1815900685347185,1.279571180786046,0,0.9997620270799092,-0.0218148850345608,-0.9749279121818236,-0.2225209339563146
2018-12-08 06:10:00,0.5416821444521225,1.2912623500211804,1.1121402523705504,1.5809074441001263,0.1459963720493445,1.5854232870249003,1.1904379001449814,1.309963983435784,0.9161744508515436,0.7260178234135397,0.8979015171033302,1.2075223300658433,0,0.9990482215818578,-0.0436193873653358,-0.9749279121818236,-0.2225209339563146
2018-12-08 06:15:00,0.7330497821620836,1.1500943234644063,1.1121402523705504,1.513814668888112,0.1459963720493445,1.3903143105610498,1.43752328173908,1.309963983435784,0.978352325333284,0.8187633258055771,1.2262361356452318,0.9193269271850388,0,0.9978589232386036,-0.0654031292301431,-0.9749279121818236,-0.2225209339563146
2018-12-08 06:20:00,0.8287336010170556,1.338318358873427,1.3358470730648235,1.513814668888112,0.1459963720493445,1.000096357633211,1.4992946271376375,0.9887756021261548,0.9021844290931512,0.7719942263087375,1.2187951244601465,1.5677665836668473,0,0.9961946980917455,-0.087155742747658,-0.9749279121818236,-0.2225209339563146
2018-12-08 06:25:00,1.0679431481544943,0.9148142792031392,1.4477004834119205,1.379629118464036,0.1459963720493445,0.8049873811693606,1.622837317934665,1.0690726974535478,1.1617770550544189,0.9067526485877662,1.043001235212499,1.855961986547652,0,0.9940563382223196,-0.1088668748519646,-0.9749279121818236,-0.2225209339563146
2018-12-08 06:30:00,1.115785057581972,0.961870288055386,1.1121402523705504,0.9770724671919028,0.1459963720493445,1.1952053340971305,1.375751936340566,0.9084785067987616,1.1780987471058757,1.0161447796142713,1.1202017262577622,1.855961986547652,0,0.9914448613738104,-0.1305261922200516,-0.9749279121818236,-0.2225209339563146
2018-12-08 06:35:00,1.115785057581972,0.8207022614986123,0.8884334316763568,1.044165242403917,0.1459963720493445,1.1952053340971305,1.005123863949397,0.6675872208165252,1.2262865998292247,1.0557796096963386,1.23088676763591,1.7839131358274525,0,0.9883615104677608,-0.1521233861899167,-0.9749279121818236,-0.2225209339563146
2018-12-08 06:40:00,0.8765755104445332,1.0089262969076662,1.3358470730648235,1.245443568040007,0.1459963720493445,1.2927598223290555,0.8198098277538117,0.9887756021261548,1.2907961446040306,1.1128537650145152,1.494112538308313,1.7839131358274525,0,0.984807753012208,-0.1736481776669303,-0.9749279121818236,-0.2225209339563146
2018-12-08 06:45:00,0.4938402350246449,0.7736462526463654,1.223993662717647,0.7087013663437505,0.1459963720493445,0.9025418694012856,0.8198098277538117,0.7478843161439183,1.5255176207726024,1.236514434870565,1.5015535494933985,1.7839131358274525,0,0.9807852804032304,-0.1950903220161282,-0.9749279121818236,-0.2225209339563146
2018-12-08 06:50:00,0.5416821444521225,0.3971981818283242,1.3358470730648235,0.6416085911317362,0.1459963720493445,0.9025418694012856,0.449181755362686,0.9084785067987616,1.4532358416875784,1.3363942066773735,1.6903692083149453,2.2882550908688586,0,0.9762960071199334,-0.2164396139381028,-0.9749279121818236,-0.2225209339563146
2018-12-08 06:55:00,0.2546306878872062,0.3030861641237972,1.0002868420234536,0.8428869167678266,0.1459963720493445,0.9025418694012856,0.3874104099641284,0.6675872208165252,1.3304345395861406,1.5631054347467992,1.620609728454768,2.360303941589061,0,0.9713420698132614,-0.2376858923261731,-0.9749279121818236,-0.2225209339563146
2018-12-08 07:00:00,0.3503145067421782,0.5854222172373449,0.7765800213291805,0.7087013663437505,0.1459963720493445,0.9025418694012856,0.2638677191671011,0.7478843161439183,1.1260247772274186,1.5385318400959176,1.8168663984614,2.2882550908688586,0,0.9659258262890684,-0.2588190451025206,-0.9749279121818236,-0.2225209339563146
2018-12-08 07:05:00,0.4938402350246449,0.020750111010283,0.7765800213291805,0.7087013663437505,0.1459963720493445,0.7074328929374355,0.5727244461597133,0.8281814114713114,1.0490796575562638,1.6772537453831526,1.626190486843582,2.1441573894284565,0,0.9600498543859288,-0.2798290140309919,-0.9749279121818236,-0.2225209339563146
2018-12-08 07:10:00,0.4938402350246449,0.1148621287147766,0.5528732006349868,0.5074230407077078,0.1459963720493445,0.8049873811693606,0.5727244461597133,0.5872901254891321,1.2589299839321386,1.6138380172518445,1.7759408369434295,2.1441573894284565,0,0.9537169507482268,-0.3007057995042729,-0.9749279121818236,-0.2225209339563146
2018-12-08 07:15:00,0.2546306878872062,-0.0733619066942439,0.4410197902878104,0.3732374902836316,0.1459963720493445,1.2927598223290555,0.3874104099641284,0.6675872208165252,1.457899182273709,1.5535930755271028,1.6708365539540957,1.855961986547652,0,0.9469301294951056,-0.3214394653031616,-0.9749279121818236,-0.2225209339563146
2018-12-08 07:20:00,0.6373659633071116,0.020750111010283,0.6647266109820836,0.4403302654956459,0.1459963720493445,0.9025418694012856,0.3874104099641284,0.5872901254891321,1.6203388793572568,1.8682936263787164,1.588985430918154,1.4957177329466478,0,0.9396926207859084,-0.3420201433256685,-0.9749279121818236,-0.2225209339563146
2018-12-08 07:25:00,0.5416821444521225,0.2560301552715505,0.7765800213291805,0.104866389435527,0.1459963720493445,0.8049873811693606,0.5109531007611996,0.6675872208165252,1.6522050400291488,2.0038447452593857,1.707111483481388,1.3516200315062457,0,0.9320078692827986,-0.3624380382837016,-0.9749279121818236,-0.2225209339563146
2018-12-08 07:30:00,0.685207872734589,0.3501421729760774,1.1121402523705504,0.1719591646475412,0.1459963720493445,0.6098784047054411,0.449181755362686,0.6675872208165252,1.5993538467196686,1.960246432169112,1.4680689991605134,1.7118642851072496,0,0.9238795325112868,-0.3826834323650895,-0.9749279121818236,-0.2225209339563146
2018-12-08 07:35:00,0.8765755104445332,0.3501421729760774,0.8884334316763568,0.1719591646475412,0.1459963720493445,0.3172149400095964,0.449181755362686,0.5069930301616818,1.5729282500649298,2.160798672384372,1.5508502485945903,1.855961986547652,0,0.9153114791194472,-0.4027466898587371,-0.9749279121818236,-0.2225209339563146
2018-12-08 07:40:00,0.9722593292995224,0.3501421729760774,0.7765800213291805,-0.0964119362005633,0.1459963720493445,-0.2681119893820236,0.449181755362686,0.1858046488520522,1.7718974484064989,1.86433014337051,1.6150289700659537,1.9280108372678544,0,0.90630778703665,-0.4226182617406993,-0.9749279121818236,-0.2225209339563146
2018-12-08 07:45:00,0.9244174198720276,0.2560301552715505,0.5528732006349868,0.3061447150716174,0.1459963720493445,-0.1705575011500986,0.3874104099641284,0.2661017441795025,1.694175105304323,1.9348801409165897,1.89685726870107,1.7118642851072496,0,0.8968727415326884,-0.4422886902190011,-0.9749279121818236,-0.2225209339563146
2018-12-08 07:50:00,1.0679431481544943,0.6324782260895916,0.3291663799407137,0.104866389435527,0.1459963720493445,-0.2681119893820236,0.2638677191671011,0.2661017441795025,1.9848566685064613,2.0149424976823647,1.98986990851464,2.1441573894284565,0,0.8870108331782218,-0.4617486132350338,-0.9749279121818236,-0.2225209339563146
2018-12-08 07:55:00,0.9244174198720276,0.3501421729760774,-0.1182472614477532,-0.2976902618366537,0.1459963720493445,0.2196604517776712,0.6962671369567845,0.2661017441795025,1.641323911994844,1.821524526881877,1.9917301613109115,1.5677665836668473,0,0.8767267557075076,-0.4809887689193878,-0.9749279121818236,-0.2225209339563146
2018-12-08 08:00:00,0.9722593292995224,0.3501421729760774,0.2173129695936169,-0.2976902618366537,0.1459963720493445,-0.0730030129181733,0.8198098277538117,0.2661017441795025,1.6592000509083449,2.08232170882188,1.7712902049527512,1.3516200315062457,0,0.8660254037844387,-0.4999999999999998,-0.9749279121818236,-0.2225209339563146
2018-12-08 08:05:00,0.8287336010170556,0.5383662083850981,0.3291663799407137,-0.0964119362005633,0.1459963720493445,0.2196604517776712,0.8198098277538117,0.1055075535246591,1.339761220758402,1.7850604832063754,2.057769135578546,1.4957177329466478,0,0.8549118706729465,-0.5187732581605216,-0.9749279121818236,-0.2225209339563146
2018-12-08 08:10:00,0.4938402350246449,0.3501421729760774,0.3291663799407137,-0.2305974866245919,0.1459963720493445,0.1221059635457461,0.449181755362686,0.3463988395068956,1.699615669321476,1.574203187169777,1.9275514398395488,1.9280108372678544,0,0.8433914458128858,-0.5372996083468236,-0.9749279121818236,-0.2225209339563146
2018-12-08 08:15:00,0.5416821444521225,0.6795342349418718,0.6647266109820836,-0.1635047114125776,0.1459963720493445,0.3172149400095964,0.8815811731523693,0.5872901254891321,1.9972922434028093,1.1826110659589533,1.8717438559514064,2.0721085387082567,0,0.8314696123025451,-0.5555702330196023,-0.9749279121818236,-0.2225209339563146
2018-12-08 08:20:00,0.2067887784597286,0.5854222172373449,0.4410197902878104,0.104866389435527,0.1459963720493445,0.2196604517776712,0.5109531007611996,0.4266959348342887,1.8830403990426108,1.4616402697367072,1.768499825758344,1.7839131358274525,0,0.8191520442889917,-0.5735764363510462,-0.9749279121818236,-0.2225209339563146
2018-12-08 08:25:00,0.3024725973147008,0.3030861641237972,0.5528732006349868,0.5074230407077078,0.1459963720493445,0.5123239164735159,0.5109531007611996,0.5069930301616818,1.6304427839605395,1.6915222842126962,1.508994560678484,1.855961986547652,0,0.8064446042674828,-0.5913096483635821,-0.9749279121818236,-0.2225209339563146
2018-12-08 08:30:00,0.3024725973147008,0.3971981818283242,0.3291663799407137,0.4403302654956459,0.1459963720493445,0.5123239164735159,0.2020963737685875,0.5872901254891321,1.4952059069627537,1.684388014797924,1.1741490573496325,1.7839131358274525,0,0.7933533402912352,-0.6087614290087207,-0.9749279121818236,-0.2225209339563146
2018-12-08 08:35:00,0.5416821444521225,0.1619181375670234,0.4410197902878104,0.104866389435527,0.1459963720493445,0.4147694282415908,0.2020963737685875,0.5069930301616818,1.693397881873302,1.604325658032149,1.1592670349794614,1.7118642851072496,0,0.7798844830928817,-0.6259234721840591,-0.9749279121818236,-0.2225209339563146
2018-12-08 08:40:00,0.8287336010170556,0.1148621287147766,0.10545955924652,0.3061447150716174,0.1459963720493445,0.7074328929374355,0.2020963737685875,0.4266959348342887,1.855060355525828,1.7264009346849152,1.228096388441503,1.3516200315062457,0,0.7660444431189783,-0.642787609686539,-0.9749279121818236,-0.2225209339563146
2018-12-08 08:45:00,0.5416821444521225,0.020750111010283,-0.0063938511006562,0.2390519398595555,0.1459963720493445,0.8049873811693606,0.0167823375730027,0.8281814114713114,1.6794078601149098,1.58767902939768,1.3890082553189789,1.4236688822264485,0,0.7518398074789774,-0.6593458151000688,-0.9749279121818236,-0.2225209339563146
2018-12-08 08:50:00,0.685207872734589,0.0678061198625298,0.3291663799407137,0.3061447150716174,0.1459963720493445,0.9025418694012856,-0.0449890078255108,0.5069930301616818,1.4423547136532735,1.2927958935871,1.447606218401528,1.279571180786046,0,0.7372773368101241,-0.6755902076156602,-0.9749279121818236,-0.2225209339563146
2018-12-08 08:55:00,0.7808916915895612,0.1148621287147766,0.4410197902878104,0.7087013663437505,0.1459963720493445,1.000096357633211,-0.168531698622582,0.7478843161439183,1.2441627387427254,1.4386520682891075,1.49690291750272,0.8472780764648393,0,0.7223639620597556,-0.6915130557822693,-0.9749279121818236,-0.2225209339563146
2018-12-08 09:00:00,1.0679431481544943,0.2089741464193036,0.3291663799407137,0.5074230407077078,0.1459963720493445,0.7074328929374355,-0.1067603532240684,1.0690726974535478,1.2480488558978342,1.483835774582665,1.3955191401059288,1.4236688822264485,0,0.7071067811865476,-0.7071067811865475,-0.9749279121818236,-0.2225209339563146
2018-12-08 09:05:00,1.1636269670094666,0.1148621287147766,0.2173129695936169,0.574515815919722,0.1459963720493445,0.9025418694012856,0.0785536829715163,1.149369792780998,1.4765525446182308,1.330845330465885,1.6122385908715466,1.2075223300658433,0,0.6915130557822694,-0.7223639620597555,-0.9749279121818236,-0.2225209339563146
2018-12-08 09:10:00,1.307152695291916,0.3501421729760774,0.4410197902878104,0.8428869167678266,0.1459963720493445,0.9025418694012856,0.14032502837003,0.7478843161439183,1.347533455068619,1.5052385828269808,1.4345844488276285,1.4957177329466478,0,0.6755902076156604,-0.737277336810124,-0.9749279121818236,-0.2225209339563146
2018-12-08 09:15:00,1.307152695291916,0.7736462526463654,0.4410197902878104,0.7757941415558124,0.1459963720493445,1.0976508458652052,0.2020963737685875,0.9084785067987616,1.4229241278777298,1.813597560865464,1.546199616603912,1.2075223300658433,0,0.659345815100069,-0.7518398074789773,-0.9749279121818236,-0.2225209339563146
2018-12-08 09:20:00,0.9722593292995224,1.0089262969076662,0.3291663799407137,0.9770724671919028,0.1459963720493445,1.000096357633211,0.449181755362686,0.9084785067987616,1.267479441673378,1.1493178086900169,1.283903972329645,1.279571180786046,0,0.6427876096865391,-0.7660444431189782,-0.9749279121818236,-0.2225209339563146
2018-12-08 09:25:00,0.8765755104445332,1.2442063411689337,0.5528732006349868,1.044165242403917,0.1459963720493445,0.9025418694012856,0.943352518550883,1.0690726974535478,1.0537429981423945,0.7957751243579776,0.815120267669253,1.5677665836668473,0,0.6259234721840592,-0.7798844830928817,-0.9749279121818236,-0.2225209339563146
2018-12-08 09:30:00,1.020101238727,1.338318358873427,1.1121402523705504,1.1112580176159312,0.1459963720493445,1.1952053340971305,0.943352518550883,0.9084785067987616,1.2138510249328769,0.6023571535574898,0.932316193834351,1.3516200315062457,0,0.6087614290087209,-0.793353340291235,-0.9749279121818236,-0.2225209339563146
2018-12-08 09:35:00,0.8287336010170556,1.2912623500211804,1.3358470730648235,1.1112580176159312,0.1459963720493445,1.0976508458652052,0.6962671369567845,1.0690726974535478,1.3265484224310322,0.7244324302102562,0.6551385271899128,0.9193269271850388,0,0.5913096483635822,-0.8064446042674827,-0.9749279121818236,-0.2225209339563146
2018-12-08 09:40:00,0.8287336010170556,1.385374367725707,1.1121402523705504,1.4467218936760975,0.1459963720493445,1.487868798792975,0.6344957915582708,1.2296668881083912,1.2449399621737465,0.8687032117089813,0.6281648616439776,1.1354734793456438,0,0.5735764363510464,-0.8191520442889916,-0.9749279121818236,-0.2225209339563146
2018-12-08 09:45:00,0.9244174198720276,1.385374367725707,1.1121402523705504,1.1112580176159312,0.1459963720493445,1.3903143105610498,0.449181755362686,1.3902610787631773,1.481993108635384,0.6316869278182193,0.5351522218304078,1.4957177329466478,0,0.5555702330196025,-0.831469612302545,-0.9749279121818236,-0.2225209339563146
2018-12-08 09:50:00,1.020101238727,1.338318358873427,1.1121402523705504,1.4467218936760975,0.1459963720493445,1.3903143105610498,0.3874104099641284,1.3902610787631773,0.9309416960409568,0.4406470468226556,0.6253744824495706,1.63981543438705,0,0.5372996083468238,-0.8433914458128857,-0.9749279121818236,-0.2225209339563146
2018-12-08 09:55:00,1.211468876436944,1.385374367725707,1.0002868420234536,1.5809074441001263,0.1459963720493445,1.0976508458652052,0.6962671369567845,1.4705581740906275,0.9107338868343912,0.2805223332911039,0.6514180215973701,1.4236688822264485,0,0.5187732581605218,-0.8549118706729464,-0.9749279121818236,-0.2225209339563146
2018-12-08 10:00:00,1.3549946047194106,0.6795342349418718,1.3358470730648235,1.379629118464036,0.1459963720493445,1.0976508458652052,0.943352518550883,1.3902610787631773,0.8392293311803893,0.2836931196976692,0.5425932330154933,2.0721085387082567,0,0.4999999999999999,-0.8660254037844387,-0.9749279121818236,-0.2225209339563146
2018-12-08 10:05:00,1.4985203330018773,1.0559823057599131,1.223993662717647,1.6480002193121406,0.1459963720493445,1.000096357633211,1.4992946271376375,1.3902610787631773,0.7428536257336911,0.1283245857759656,0.3212231502591971,1.855961986547652,0,0.4809887689193876,-0.8767267557075077,-0.9749279121818236,-0.2225209339563146
2018-12-08 10:10:00,1.3549946047194106,1.0559823057599131,1.4477004834119205,1.3125363432520216,0.1459963720493445,1.3903143105610498,1.4992946271376375,1.5508552694180209,0.6410373562698406,0.3494869376339006,0.4272575596466668,1.7839131358274525,0,0.4617486132350339,-0.8870108331782217,-0.9749279121818236,-0.2225209339563146
2018-12-08 10:15:00,1.3549946047194106,1.4794863854302012,1.671407304106114,1.3125363432520216,0.1459963720493445,1.3903143105610498,1.622837317934665,1.2296668881083912,0.8050315002154316,0.3486942410322594,0.4012140204988672,1.63981543438705,0,0.4422886902190017,-0.8968727415326881,-0.9749279121818236,-0.2225209339563146
2018-12-08 10:20:00,1.4985203330018773,1.573598403134728,1.671407304106114,1.513814668888112,0.1459963720493445,1.878086751720745,1.622837317934665,1.149369792780998,0.6985518901654508,-0.0151534991211172,0.2998302431020759,1.5677665836668473,0,0.4226182617406995,-0.90630778703665,-0.9749279121818236,-0.2225209339563146
2018-12-08 10:25:00,1.307152695291916,1.4324303765779542,1.7832607144532904,1.782185769736217,2.153422224457177,1.6829777752568251,1.622837317934665,1.309963983435784,0.4381820407731617,-0.103142821903307,0.2356515216307129,1.7839131358274525,0,0.4027466898587373,-0.9153114791194472,-0.9749279121818236,-0.2225209339563146
2018-12-08 10:30:00,1.5942041518568493,1.2442063411689337,1.671407304106114,1.379629118464036,2.153422224457177,1.2927598223290555,1.4992946271376375,1.3902610787631773,0.2306633846903525,0.1663740226547504,0.2356515216307129,1.4957177329466478,0,0.3826834323650899,-0.9238795325112868,-0.9749279121818236,-0.2225209339563146
2018-12-08 10:35:00,1.6420460612843268,1.2442063411689337,1.671407304106114,1.379629118464036,2.153422224457177,1.7805322634888197,1.8699226995287632,1.5508552694180209,0.2221139269491127,0.4414397434242968,0.2356515216307129,1.279571180786046,0,0.3624380382837013,-0.9320078692827988,-0.9749279121818236,-0.2225209339563146
2018-12-08 10:40:00,1.4028365141469052,1.1030383146121598,1.7832607144532904,1.379629118464036,2.153422224457177,1.7805322634888197,1.9934653903258344,1.7114494600728638,0.0239219520385645,0.073628520262713,0.2356515216307129,2.0721085387082567,0,0.3420201433256689,-0.9396926207859084,-0.9749279121818236,-0.2225209339563146
2018-12-08 10:45:00,1.6898879707118213,1.2912623500211804,1.8951141248003875,1.379629118464036,2.153422224457177,1.487868798792975,1.8699226995287632,1.4705581740906275,0.2221139269491127,0.0934459353037466,0.2356515216307129,2.360303941589061,0,0.3214394653031617,-0.9469301294951056,-0.9749279121818236,-0.2225209339563146
2018-12-08 10:50:00,1.7855717895667935,1.385374367725707,2.566234586883127,1.6480002193121406,2.153422224457177,1.5854232870249003,1.8699226995287632,1.4705581740906275,0.1164115403301536,0.4842453599129293,0.2356515216307129,2.0000596879880543,0,0.3007057995042733,-0.9537169507482268,-0.9749279121818236,-0.2225209339563146
2018-12-08 10:55:00,2.168307064986699,1.5265423942824814,2.454381176535951,2.2518351962204117,2.153422224457177,1.2927598223290555,2.178779426521419,1.9523407460550437,0.2221139269491127,0.2924127823157239,0.2607649343803766,1.7118642851072496,0,0.2798290140309927,-0.9600498543859284,-0.9749279121818236,-0.2225209339563146
2018-12-08 11:00:00,2.3118327932691485,1.4794863854302012,2.566234586883127,2.0505568705843213,2.153422224457177,1.3903143105610498,2.055236735724348,1.87204365072765,0.2920640357410714,0.5912594011345109,0.2356515216307129,2.0721085387082567,0,0.258819045102521,-0.9659258262890682,-0.9749279121818236,-0.2225209339563146
2018-12-08 11:05:00,1.833413698994288,1.6206544119869748,2.6780879972302243,1.916371320160245,2.153422224457177,1.3903143105610498,2.178779426521419,1.5508552694180209,0.3962119754979868,0.4588790686604063,0.2477431648064769,2.1441573894284565,0,0.2376858923261729,-0.9713420698132614,-0.9749279121818236,-0.2225209339563146
2018-12-08 11:10:00,1.7855717895667935,1.6677104208392215,2.454381176535951,2.184742421008397,0.1459963720493445,1.7805322634888197,1.746380008731736,1.2296668881083912,0.4832609997724241,0.506440864758887,0.2356515216307129,1.63981543438705,0,0.2164396139381031,-0.9762960071199333,-0.9749279121818236,-0.2225209339563146
2018-12-08 11:15:00,1.881255608421765,2.044158491657297,2.230674355841757,2.117649645796336,2.153422224457177,1.6829777752568251,1.9934653903258344,1.309963983435784,0.1583816056053291,0.3296695225928669,0.2356515216307129,2.0000596879880543,0,0.1950903220161281,-0.9807852804032304,-0.9749279121818236,-0.2225209339563146
